simulation,data_model,parameter,true_value,fitting_model,estimate_median,estimate_lower,estimate_upper,Rhat,error,alpha,sigma,b_for,alpha_estimate,sigma_estimate,b_for_estimate
1,Beverton-Holt,alpha,1.6335786965290353,Beverton-Holt,0.39,0.05,0.92,1.028,-76.12603538301173,1.6335786965290353,1.2110001753087474,-1.8536412596776086,0.39,1.52,-1.59
1,Beverton-Holt,b_for,-1.8536412596776086,Beverton-Holt,-1.59,-1.99,-1.09,1.007,-14.222884730320576,1.6335786965290353,1.2110001753087474,-1.8536412596776086,0.39,1.52,-1.59
1,Beverton-Holt,sigma,1.2110001753087474,Beverton-Holt,1.52,1.19,1.88,1.047,25.516084224552024,1.6335786965290353,1.2110001753087474,-1.8536412596776086,0.39,1.52,-1.59
1,Beverton-Holt,alpha,1.6335786965290353,Ricker,1.09,0.5,1.71,1.002,-33.27532966021228,1.6335786965290353,1.2110001753087474,-1.8536412596776086,1.09,1.36,-1.81
1,Beverton-Holt,b_for,-1.8536412596776086,Ricker,-1.81,-2.22,-1.36,1.001,-2.3543530577863163,1.6335786965290353,1.2110001753087474,-1.8536412596776086,1.09,1.36,-1.81
1,Beverton-Holt,sigma,1.2110001753087474,Ricker,1.36,1.11,1.71,1,12.303864832493923,1.6335786965290353,1.2110001753087474,-1.8536412596776086,1.09,1.36,-1.81
2,Beverton-Holt,alpha,3.5392480852506125,Beverton-Holt,3.21,1.16,9.47,1.003,-9.302769326137776,3.5392480852506125,1.284440335044797,-1.4465622471177175,3.21,1.15,-1.2
2,Beverton-Holt,b_for,-1.4465622471177175,Beverton-Holt,-1.2,-1.54,-0.84,1.001,-17.044703579745295,3.5392480852506125,1.284440335044797,-1.4465622471177175,3.21,1.15,-1.2
2,Beverton-Holt,sigma,1.284440335044797,Beverton-Holt,1.15,0.93,1.45,1.001,-10.466841578912911,3.5392480852506125,1.284440335044797,-1.4465622471177175,3.21,1.15,-1.2
2,Beverton-Holt,alpha,3.5392480852506125,Ricker,0.88,0.28,1.43,1.005,-75.13596168442407,3.5392480852506125,1.284440335044797,-1.4465622471177175,0.88,1.29,-1.06
2,Beverton-Holt,b_for,-1.4465622471177175,Ricker,-1.06,-1.46,-0.67,1,-26.72282149544167,3.5392480852506125,1.284440335044797,-1.4465622471177175,0.88,1.29,-1.06
2,Beverton-Holt,sigma,1.284440335044797,Ricker,1.29,1.05,1.64,1.001,0.4328472723498744,3.5392480852506125,1.284440335044797,-1.4465622471177175,0.88,1.29,-1.06
3,Beverton-Holt,alpha,2.0684068774314435,Beverton-Holt,2,1.22,2.95,1.03,-3.307225390605519,2.0684068774314435,0.8327503879406113,-1.325672787982354,2,0.98,-1.19
3,Beverton-Holt,b_for,-1.325672787982354,Beverton-Holt,-1.19,-1.49,-0.84,1.003,-10.234259103171693,2.0684068774314435,0.8327503879406113,-1.325672787982354,2,0.98,-1.19
3,Beverton-Holt,sigma,0.8327503879406113,Beverton-Holt,0.98,0.79,1.25,1.014,17.682322841486325,2.0684068774314435,0.8327503879406113,-1.325672787982354,2,0.98,-1.19
3,Beverton-Holt,alpha,2.0684068774314435,Ricker,1.77,1.35,2.21,1.002,-14.426894470685882,2.0684068774314435,0.8327503879406113,-1.325672787982354,1.77,0.99,-1.16
3,Beverton-Holt,b_for,-1.325672787982354,Ricker,-1.16,-1.47,-0.86,1.001,-12.497260974520307,2.0684068774314435,0.8327503879406113,-1.325672787982354,1.77,0.99,-1.16
3,Beverton-Holt,sigma,0.8327503879406113,Ricker,0.99,0.81,1.25,1.001,18.883162870481083,2.0684068774314435,0.8327503879406113,-1.325672787982354,1.77,0.99,-1.16
4,Beverton-Holt,alpha,2.0388455476438,Beverton-Holt,5.26,1.42,9.72,1.001,157.98913537510185,2.0388455476438,0.7957562143741927,-0.6429375606941405,5.26,0.67,-0.68
4,Beverton-Holt,b_for,-0.6429375606941405,Beverton-Holt,-0.68,-0.88,-0.47,1,5.76454722381524,2.0388455476438,0.7957562143741927,-0.6429375606941405,5.26,0.67,-0.68
4,Beverton-Holt,sigma,0.7957562143741927,Beverton-Holt,0.67,0.55,0.85,1,-15.803359383513111,2.0388455476438,0.7957562143741927,-0.6429375606941405,5.26,0.67,-0.68
4,Beverton-Holt,alpha,2.0388455476438,Ricker,0.15,0.01,0.48,1.001,-92.64289537903703,2.0388455476438,0.7957562143741927,-0.6429375606941405,0.15,0.86,-0.51
4,Beverton-Holt,b_for,-0.6429375606941405,Ricker,-0.51,-0.78,-0.25,1,-20.676589582138575,2.0388455476438,0.7957562143741927,-0.6429375606941405,0.15,0.86,-0.51
4,Beverton-Holt,sigma,0.7957562143741927,Ricker,0.86,0.7,1.09,1.001,8.073299895789132,2.0388455476438,0.7957562143741927,-0.6429375606941405,0.15,0.86,-0.51
5,Beverton-Holt,alpha,3.5038040216371,Beverton-Holt,2.77,1.8,6.74,1.007,-20.943066938265595,3.5038040216371,1.0055304163995176,-0.6134435035638361,2.77,1.13,-0.24
5,Beverton-Holt,b_for,-0.6134435035638361,Beverton-Holt,-0.24,-0.6,0.14,1,-60.876592774117604,3.5038040216371,1.0055304163995176,-0.6134435035638361,2.77,1.13,-0.24
5,Beverton-Holt,sigma,1.0055304163995176,Beverton-Holt,1.13,0.92,1.44,1.001,12.378500100093246,3.5038040216371,1.0055304163995176,-0.6134435035638361,2.77,1.13,-0.24
5,Beverton-Holt,alpha,3.5038040216371,Ricker,2,1.5,2.52,1,-42.91918190488491,3.5038040216371,1.0055304163995176,-0.6134435035638361,2,1.17,-0.13
5,Beverton-Holt,b_for,-0.6134435035638361,Ricker,-0.13,-0.49,0.23,1,-78.80815441931371,3.5038040216371,1.0055304163995176,-0.6134435035638361,2,1.17,-0.13
5,Beverton-Holt,sigma,1.0055304163995176,Ricker,1.17,0.95,1.49,1.001,16.356500103636375,3.5038040216371,1.0055304163995176,-0.6134435035638361,2,1.17,-0.13
6,Beverton-Holt,alpha,0.9313994414362747,Beverton-Holt,1.36,0.45,5.99,1.008,46.016836546820045,0.9313994414362747,0.9846430600185913,1.0186155863770399,1.36,1.07,0.86
6,Beverton-Holt,b_for,1.0186155863770399,Beverton-Holt,0.86,0.5,1.2,1,-15.571682634584038,0.9313994414362747,0.9846430600185913,1.0186155863770399,1.36,1.07,0.86
6,Beverton-Holt,sigma,0.9846430600185913,Beverton-Holt,1.07,0.88,1.36,1.001,8.66882055511539,0.9313994414362747,0.9846430600185913,1.0186155863770399,1.36,1.07,0.86
6,Beverton-Holt,alpha,0.9313994414362747,Ricker,0.71,0.27,1.18,1.001,-23.770622096880725,0.9313994414362747,0.9846430600185913,1.0186155863770399,0.71,1.03,0.93
6,Beverton-Holt,b_for,1.0186155863770399,Ricker,0.93,0.6,1.24,1.001,-8.699610290887382,0.9313994414362747,0.9846430600185913,1.0186155863770399,0.71,1.03,0.93
6,Beverton-Holt,sigma,0.9846430600185913,Ricker,1.03,0.85,1.3,1,4.606434739970886,0.9313994414362747,0.9846430600185913,1.0186155863770399,0.71,1.03,0.93
7,Beverton-Holt,alpha,1.1977271169089794,Beverton-Holt,1.41,0.93,1.98,1.001,17.722975466969586,1.1977271169089794,0.8538555700378057,-0.3262850076540331,1.41,0.79,-0.59
7,Beverton-Holt,b_for,-0.3262850076540331,Beverton-Holt,-0.59,-0.83,-0.34,1,80.82350894454501,1.1977271169089794,0.8538555700378057,-0.3262850076540331,1.41,0.79,-0.59
7,Beverton-Holt,sigma,0.8538555700378057,Beverton-Holt,0.79,0.64,0.99,1.001,-7.478497802032061,1.1977271169089794,0.8538555700378057,-0.3262850076540331,1.41,0.79,-0.59
7,Beverton-Holt,alpha,1.1977271169089794,Ricker,1.24,0.87,1.6,1.001,3.529425233363329,1.1977271169089794,0.8538555700378057,-0.3262850076540331,1.24,0.78,-0.56
7,Beverton-Holt,b_for,-0.3262850076540331,Ricker,-0.56,-0.8,-0.31,1.002,71.62909323550038,1.1977271169089794,0.8538555700378057,-0.3262850076540331,1.24,0.78,-0.56
7,Beverton-Holt,sigma,0.8538555700378057,Ricker,0.78,0.63,0.99,1.001,-8.649656057702542,1.1977271169089794,0.8538555700378057,-0.3262850076540331,1.24,0.78,-0.56
8,Beverton-Holt,alpha,1.418812411015515,Beverton-Holt,1.11,0.53,1.82,1.005,-21.765556081827782,1.418812411015515,0.9969596568620035,-1.4141637700195093,1.11,0.78,-1.57
8,Beverton-Holt,b_for,-1.4141637700195093,Beverton-Holt,-1.57,-1.81,-1.29,1.002,11.019673483668788,1.418812411015515,0.9969596568620035,-1.4141637700195093,1.11,0.78,-1.57
8,Beverton-Holt,sigma,0.9969596568620035,Beverton-Holt,0.78,0.64,0.99,1.004,-21.762130028901904,1.418812411015515,0.9969596568620035,-1.4141637700195093,1.11,0.78,-1.57
8,Beverton-Holt,alpha,1.418812411015515,Ricker,0.87,0.51,1.22,1.004,-38.68111152359476,1.418812411015515,0.9969596568620035,-1.4141637700195093,0.87,0.81,-1.53
8,Beverton-Holt,b_for,-1.4141637700195093,Ricker,-1.53,-1.78,-1.28,1.001,8.191146770709071,1.418812411015515,0.9969596568620035,-1.4141637700195093,0.87,0.81,-1.53
8,Beverton-Holt,sigma,0.9969596568620035,Ricker,0.81,0.67,1.02,1.001,-18.75298118385967,1.418812411015515,0.9969596568620035,-1.4141637700195093,0.87,0.81,-1.53
9,Beverton-Holt,alpha,2.3550688400789115,Beverton-Holt,4.41,1.39,9.69,1.004,87.25567274085432,2.3550688400789115,1.2347700446794474,1.3666625017244591,4.41,1.26,1.24
9,Beverton-Holt,b_for,1.3666625017244591,Beverton-Holt,1.24,0.84,1.63,1.003,-9.268016175510486,2.3550688400789115,1.2347700446794474,1.3666625017244591,4.41,1.26,1.24
9,Beverton-Holt,sigma,1.2347700446794474,Beverton-Holt,1.26,1.03,1.61,1.005,2.0432918201463526,2.3550688400789115,1.2347700446794474,1.3666625017244591,4.41,1.26,1.24
9,Beverton-Holt,alpha,2.3550688400789115,Ricker,1.35,0.76,1.95,1,-42.67683487524868,2.3550688400789115,1.2347700446794474,1.3666625017244591,1.35,1.32,1.36
9,Beverton-Holt,b_for,1.3666625017244591,Ricker,1.36,0.94,1.76,1,-0.4875016118502022,2.3550688400789115,1.2347700446794474,1.3666625017244591,1.35,1.32,1.36
9,Beverton-Holt,sigma,1.2347700446794474,Ricker,1.32,1.07,1.68,1,6.902496192534278,2.3550688400789115,1.2347700446794474,1.3666625017244591,1.35,1.32,1.36
10,Beverton-Holt,alpha,2.363190716613731,Beverton-Holt,1.86,1.45,2.37,1.027,-21.292852628278943,2.363190716613731,1.2007454030179476,-0.6151079864129756,1.86,1.28,-0.66
10,Beverton-Holt,b_for,-0.6151079864129756,Beverton-Holt,-0.66,-1.04,-0.28,1.012,7.298232924728198,2.363190716613731,1.2007454030179476,-0.6151079864129756,1.86,1.28,-0.66
10,Beverton-Holt,sigma,1.2007454030179476,Beverton-Holt,1.28,1.05,1.61,1.009,6.600449752533241,2.363190716613731,1.2007454030179476,-0.6151079864129756,1.86,1.28,-0.66
10,Beverton-Holt,alpha,2.363190716613731,Ricker,1.97,1.54,2.47,1.01,-16.638128858983617,2.363190716613731,1.2007454030179476,-0.6151079864129756,1.97,1.3,-0.69
10,Beverton-Holt,b_for,-0.6151079864129756,Ricker,-0.69,-1.1,-0.29,1.011,12.175425330397648,2.363190716613731,1.2007454030179476,-0.6151079864129756,1.97,1.3,-0.69
10,Beverton-Holt,sigma,1.2007454030179476,Ricker,1.3,1.06,1.66,1.006,8.266081779916574,2.363190716613731,1.2007454030179476,-0.6151079864129756,1.97,1.3,-0.69
11,Beverton-Holt,alpha,3.6577176989546407,Beverton-Holt,4.96,1.99,9.69,1.001,35.60368536416973,3.6577176989546407,1.2307141110818516,0.5970861416830218,4.96,1.26,0.44
11,Beverton-Holt,b_for,0.5970861416830218,Beverton-Holt,0.44,0.04,0.85,1.001,-26.30879042682838,3.6577176989546407,1.2307141110818516,0.5970861416830218,4.96,1.26,0.44
11,Beverton-Holt,sigma,1.2307141110818516,Beverton-Holt,1.26,1.03,1.58,1.001,2.3795850437113173,3.6577176989546407,1.2307141110818516,0.5970861416830218,4.96,1.26,0.44
11,Beverton-Holt,alpha,3.6577176989546407,Ricker,1.97,1.42,2.55,1.001,-46.141278192053555,3.6577176989546407,1.2307141110818516,0.5970861416830218,1.97,1.25,0.56
11,Beverton-Holt,b_for,0.5970861416830218,Ricker,0.56,0.17,0.95,1,-6.211187815963383,3.6577176989546407,1.2307141110818516,0.5970861416830218,1.97,1.25,0.56
11,Beverton-Holt,sigma,1.2307141110818516,Ricker,1.25,1.02,1.57,1.001,1.5670486544755124,3.6577176989546407,1.2307141110818516,0.5970861416830218,1.97,1.25,0.56
12,Beverton-Holt,alpha,2.2770439108058977,Beverton-Holt,2.33,1.75,3.1,1,2.3256507677693383,2.2770439108058977,0.8031355248166134,-0.031532841514366194,2.33,0.82,-0.08
12,Beverton-Holt,b_for,-0.031532841514366194,Beverton-Holt,-0.08,-0.34,0.17,1,153.7037455490728,2.2770439108058977,0.8031355248166134,-0.031532841514366194,2.33,0.82,-0.08
12,Beverton-Holt,sigma,0.8031355248166134,Beverton-Holt,0.82,0.67,1.04,1.001,2.0998293142663966,2.2770439108058977,0.8031355248166134,-0.031532841514366194,2.33,0.82,-0.08
12,Beverton-Holt,alpha,2.2770439108058977,Ricker,1.94,1.57,2.3,1.002,-14.801818674046135,2.2770439108058977,0.8031355248166134,-0.031532841514366194,1.94,0.83,-0.03
12,Beverton-Holt,b_for,-0.031532841514366194,Ricker,-0.03,-0.29,0.24,1.001,-4.861095419097708,2.2770439108058977,0.8031355248166134,-0.031532841514366194,1.94,0.83,-0.03
12,Beverton-Holt,sigma,0.8031355248166134,Ricker,0.83,0.68,1.07,1.001,3.3449491839525733,2.2770439108058977,0.8031355248166134,-0.031532841514366194,1.94,0.83,-0.03
13,Beverton-Holt,alpha,0.7428929413223251,Beverton-Holt,0.82,0.12,2.17,1.002,10.379296179665785,0.7428929413223251,1.1043433052647464,-0.23748775697183697,0.82,1.14,-0.21
13,Beverton-Holt,b_for,-0.23748775697183697,Beverton-Holt,-0.21,-0.58,0.16,1.002,-11.574389064231498,0.7428929413223251,1.1043433052647464,-0.23748775697183697,0.82,1.14,-0.21
13,Beverton-Holt,sigma,1.1043433052647464,Beverton-Holt,1.14,0.93,1.44,1.002,3.2287690399594906,0.7428929413223251,1.1043433052647464,-0.23748775697183697,0.82,1.14,-0.21
13,Beverton-Holt,alpha,0.7428929413223251,Ricker,0.54,0.11,1.05,1.001,-27.31119519875667,0.7428929413223251,1.1043433052647464,-0.23748775697183697,0.54,1.12,-0.19
13,Beverton-Holt,b_for,-0.23748775697183697,Ricker,-0.19,-0.52,0.16,1.002,-19.99587582001897,0.7428929413223251,1.1043433052647464,-0.23748775697183697,0.54,1.12,-0.19
13,Beverton-Holt,sigma,1.1043433052647464,Ricker,1.12,0.92,1.41,1,1.4177380041707457,0.7428929413223251,1.1043433052647464,-0.23748775697183697,0.54,1.12,-0.19
14,Beverton-Holt,alpha,5.732509878596245,Beverton-Holt,6.67,3.94,9.76,1.002,16.353920730326312,5.732509878596245,0.5918938942421816,0.272174397221604,6.67,0.59,0.26
14,Beverton-Holt,b_for,0.272174397221604,Beverton-Holt,0.26,0.09,0.44,1,-4.47301338622664,5.732509878596245,0.5918938942421816,0.272174397221604,6.67,0.59,0.26
14,Beverton-Holt,sigma,0.5918938942421816,Beverton-Holt,0.59,0.48,0.74,1.001,-0.3199719173664524,5.732509878596245,0.5918938942421816,0.272174397221604,6.67,0.59,0.26
14,Beverton-Holt,alpha,5.732509878596245,Ricker,2.28,1.9,2.67,1.002,-60.22684568738471,5.732509878596245,0.5918938942421816,0.272174397221604,2.28,0.86,0.47
14,Beverton-Holt,b_for,0.272174397221604,Ricker,0.47,0.21,0.74,1,72.68339887874413,5.732509878596245,0.5918938942421816,0.272174397221604,2.28,0.86,0.47
14,Beverton-Holt,sigma,0.5918938942421816,Ricker,0.86,0.7,1.09,1.002,45.2963121204489,5.732509878596245,0.5918938942421816,0.272174397221604,2.28,0.86,0.47
15,Beverton-Holt,alpha,3.9443307403258694,Beverton-Holt,4.33,2.33,9.54,1.003,9.777812386044173,3.9443307403258694,1.0131190663460474,-0.6745782481114269,4.33,0.96,-0.56
15,Beverton-Holt,b_for,-0.6745782481114269,Beverton-Holt,-0.56,-0.86,-0.24,1.002,-16.98516790783043,3.9443307403258694,1.0131190663460474,-0.6745782481114269,4.33,0.96,-0.56
15,Beverton-Holt,sigma,1.0131190663460474,Beverton-Holt,0.96,0.78,1.2,1.002,-5.243121772214656,3.9443307403258694,1.0131190663460474,-0.6745782481114269,4.33,0.96,-0.56
15,Beverton-Holt,alpha,3.9443307403258694,Ricker,1.63,1.12,2.13,1,-58.67486508331363,3.9443307403258694,1.0131190663460474,-0.6745782481114269,1.63,1.15,-0.36
15,Beverton-Holt,b_for,-0.6745782481114269,Ricker,-0.36,-0.72,-0.01,1.001,-46.633322226462425,3.9443307403258694,1.0131190663460474,-0.6745782481114269,1.63,1.15,-0.36
15,Beverton-Holt,sigma,1.0131190663460474,Ricker,1.15,0.94,1.46,1.002,13.510843710367855,3.9443307403258694,1.0131190663460474,-0.6745782481114269,1.63,1.15,-0.36
16,Beverton-Holt,alpha,0.8140317321558714,Beverton-Holt,0.23,0.01,0.85,1.001,-71.74557318657949,0.8140317321558714,0.8671960062125383,-1.230811989901567,0.23,0.78,-1.21
16,Beverton-Holt,b_for,-1.230811989901567,Beverton-Holt,-1.21,-1.46,-0.98,1.001,-1.6909154340649128,0.8140317321558714,0.8671960062125383,-1.230811989901567,0.23,0.78,-1.21
16,Beverton-Holt,sigma,0.8671960062125383,Beverton-Holt,0.78,0.63,0.97,1,-10.054936322108444,0.8140317321558714,0.8671960062125383,-1.230811989901567,0.23,0.78,-1.21
16,Beverton-Holt,alpha,0.8140317321558714,Ricker,0.07,0,0.3,1.001,-91.40082662200244,0.8140317321558714,0.8671960062125383,-1.230811989901567,0.07,0.84,-1.19
16,Beverton-Holt,b_for,-1.230811989901567,Ricker,-1.19,-1.43,-0.93,1,-3.315858980609296,0.8140317321558714,0.8671960062125383,-1.230811989901567,0.07,0.84,-1.19
16,Beverton-Holt,sigma,0.8671960062125383,Ricker,0.84,0.68,1.06,1.001,-3.1360852699629462,0.8140317321558714,0.8671960062125383,-1.230811989901567,0.07,0.84,-1.19
17,Beverton-Holt,alpha,0.622633238734726,Beverton-Holt,1.29,0.12,9.18,1.003,107.18457026506528,0.622633238734726,0.9439392537321615,-0.5329482599125324,1.29,1,-0.62
17,Beverton-Holt,b_for,-0.5329482599125324,Beverton-Holt,-0.62,-0.96,-0.28,1.002,16.333994617367658,0.622633238734726,0.9439392537321615,-0.5329482599125324,1.29,1,-0.62
17,Beverton-Holt,sigma,0.9439392537321615,Beverton-Holt,1,0.82,1.26,1,5.939020550971335,0.622633238734726,0.9439392537321615,-0.5329482599125324,1.29,1,-0.62
17,Beverton-Holt,alpha,0.622633238734726,Ricker,0.12,0.01,0.48,1.002,-80.72701671952882,0.622633238734726,0.9439392537321615,-0.5329482599125324,0.12,1.03,-0.52
17,Beverton-Holt,b_for,-0.5329482599125324,Ricker,-0.52,-0.84,-0.2,1,-2.429552901562605,0.622633238734726,0.9439392537321615,-0.5329482599125324,0.12,1.03,-0.52
17,Beverton-Holt,sigma,0.9439392537321615,Ricker,1.03,0.84,1.32,1.001,9.117191167500478,0.622633238734726,0.9439392537321615,-0.5329482599125324,0.12,1.03,-0.52
18,Beverton-Holt,alpha,5.1132606190558665,Beverton-Holt,7.12,3.74,9.84,1.001,39.24578718842354,5.1132606190558665,1.1228910005594508,0.3606108126941064,7.12,1.04,0.38
18,Beverton-Holt,b_for,0.3606108126941064,Beverton-Holt,0.38,0.07,0.69,1.001,5.376762599279238,5.1132606190558665,1.1228910005594508,0.3606108126941064,7.12,1.04,0.38
18,Beverton-Holt,sigma,1.1228910005594508,Beverton-Holt,1.04,0.85,1.31,1.001,-7.381927588532859,5.1132606190558665,1.1228910005594508,0.3606108126941064,7.12,1.04,0.38
18,Beverton-Holt,alpha,5.1132606190558665,Ricker,1.83,1.25,2.4,1.004,-64.21070357376192,5.1132606190558665,1.1228910005594508,0.3606108126941064,1.83,1.33,0.48
18,Beverton-Holt,b_for,0.3606108126941064,Ricker,0.48,0.06,0.88,1,33.107489599089554,5.1132606190558665,1.1228910005594508,0.3606108126941064,1.83,1.33,0.48
18,Beverton-Holt,sigma,1.1228910005594508,Ricker,1.33,1.09,1.65,1.001,18.44426568004933,5.1132606190558665,1.1228910005594508,0.3606108126941064,1.83,1.33,0.48
19,Beverton-Holt,alpha,2.106682368482107,Beverton-Holt,1.98,1.25,2.9,1.008,-6.013358747260204,2.106682368482107,1.1008683397549015,0.6141315725879484,1.98,1.22,0.78
19,Beverton-Holt,b_for,0.6141315725879484,Beverton-Holt,0.78,0.4,1.16,1.006,27.008614247445816,2.106682368482107,1.1008683397549015,0.6141315725879484,1.98,1.22,0.78
19,Beverton-Holt,sigma,1.1008683397549015,Beverton-Holt,1.22,0.98,1.52,1.005,10.821608356147483,2.106682368482107,1.1008683397549015,0.6141315725879484,1.98,1.22,0.78
19,Beverton-Holt,alpha,2.106682368482107,Ricker,1.85,1.33,2.4,1.003,-12.184198829510791,2.106682368482107,1.1008683397549015,0.6141315725879484,1.85,1.22,0.8
19,Beverton-Holt,b_for,0.6141315725879484,Ricker,0.8,0.4,1.18,1.001,30.265245381995708,2.106682368482107,1.1008683397549015,0.6141315725879484,1.85,1.22,0.8
19,Beverton-Holt,sigma,1.1008683397549015,Ricker,1.22,1,1.55,1.001,10.821608356147483,2.106682368482107,1.1008683397549015,0.6141315725879484,1.85,1.22,0.8
20,Beverton-Holt,alpha,4.570314192491777,Beverton-Holt,6.59,3.85,9.77,1.001,44.19139959406318,4.570314192491777,1.2037686556832838,-0.13647328600967434,6.59,1.2,-0.11
20,Beverton-Holt,b_for,-0.13647328600967434,Beverton-Holt,-0.11,-0.46,0.28,1.002,-19.398145075658032,4.570314192491777,1.2037686556832838,-0.13647328600967434,6.59,1.2,-0.11
20,Beverton-Holt,sigma,1.2037686556832838,Beverton-Holt,1.2,0.99,1.53,1.002,-0.31307142493627377,4.570314192491777,1.2037686556832838,-0.13647328600967434,6.59,1.2,-0.11
20,Beverton-Holt,alpha,4.570314192491777,Ricker,3.13,2.53,3.76,1.001,-31.514555276264378,4.570314192491777,1.2037686556832838,-0.13647328600967434,3.13,1.35,0.05
20,Beverton-Holt,b_for,-0.13647328600967434,Ricker,0.05,-0.4,0.48,1.001,-136.6372067837918,4.570314192491777,1.2037686556832838,-0.13647328600967434,3.13,1.35,0.05
20,Beverton-Holt,sigma,1.2037686556832838,Ricker,1.35,1.09,1.7,1,12.147794646946704,4.570314192491777,1.2037686556832838,-0.13647328600967434,3.13,1.35,0.05
21,Beverton-Holt,alpha,1.2945223543298658,Beverton-Holt,1.56,0.78,2.96,1.027,20.507768350401623,1.2945223543298658,1.4384795666056012,0.10449263531516717,1.56,1.52,0.32
21,Beverton-Holt,b_for,0.10449263531516717,Beverton-Holt,0.32,-0.16,0.8,1.004,206.24167821476294,1.2945223543298658,1.4384795666056012,0.10449263531516717,1.56,1.52,0.32
21,Beverton-Holt,sigma,1.4384795666056012,Beverton-Holt,1.52,1.24,1.92,1.005,5.667124878719249,1.2945223543298658,1.4384795666056012,0.10449263531516717,1.56,1.52,0.32
21,Beverton-Holt,alpha,1.2945223543298658,Ricker,1.5,0.93,2.14,1.011,15.872854183078482,1.2945223543298658,1.4384795666056012,0.10449263531516717,1.5,1.54,0.32
21,Beverton-Holt,b_for,0.10449263531516717,Ricker,0.32,-0.15,0.8,1.002,206.24167821476294,1.2945223543298658,1.4384795666056012,0.10449263531516717,1.5,1.54,0.32
21,Beverton-Holt,sigma,1.4384795666056012,Ricker,1.54,1.26,1.94,1.005,7.0574817850181875,1.2945223543298658,1.4384795666056012,0.10449263531516717,1.5,1.54,0.32
22,Beverton-Holt,alpha,6.033614246068408,Beverton-Holt,5.22,4.55,6.08,1.001,-13.484691146746274,6.033614246068408,0.8439587378440445,-1.9999137314778181,5.22,0.78,-2.06
22,Beverton-Holt,b_for,-1.9999137314778181,Beverton-Holt,-2.06,-2.3,-1.81,1.001,3.004443020538776,6.033614246068408,0.8439587378440445,-1.9999137314778181,5.22,0.78,-2.06
22,Beverton-Holt,sigma,0.8439587378440445,Beverton-Holt,0.78,0.63,0.98,1,-7.578420007526891,6.033614246068408,0.8439587378440445,-1.9999137314778181,5.22,0.78,-2.06
22,Beverton-Holt,alpha,6.033614246068408,Ricker,4.66,4.3,5.01,1,-22.766026962420995,6.033614246068408,0.8439587378440445,-1.9999137314778181,4.66,0.8,-2
22,Beverton-Holt,b_for,-1.9999137314778181,Ricker,-2,-2.26,-1.75,1,0.004313612173566428,6.033614246068408,0.8439587378440445,-1.9999137314778181,4.66,0.8,-2
22,Beverton-Holt,sigma,0.8439587378440445,Ricker,0.8,0.66,1.02,1,-5.208635905155783,6.033614246068408,0.8439587378440445,-1.9999137314778181,4.66,0.8,-2
23,Beverton-Holt,alpha,4.688342460044252,Beverton-Holt,6.48,2.64,9.82,1,38.21515930683181,4.688342460044252,0.6336369259045962,1.767000354376384,6.48,0.76,1.59
23,Beverton-Holt,b_for,1.767000354376384,Beverton-Holt,1.59,1.36,1.81,1,-10.016995975015039,4.688342460044252,0.6336369259045962,1.767000354376384,6.48,0.76,1.59
23,Beverton-Holt,sigma,0.6336369259045962,Beverton-Holt,0.76,0.62,0.95,1,19.94250475775298,4.688342460044252,0.6336369259045962,1.767000354376384,6.48,0.76,1.59
23,Beverton-Holt,alpha,4.688342460044252,Ricker,0.81,0.36,1.27,1.004,-82.72310508664603,4.688342460044252,0.6336369259045962,1.767000354376384,0.81,1.04,1.78
23,Beverton-Holt,b_for,1.767000354376384,Ricker,1.78,1.45,2.1,1,0.735690040549199,4.688342460044252,0.6336369259045962,1.767000354376384,0.81,1.04,1.78
23,Beverton-Holt,sigma,0.6336369259045962,Ricker,1.04,0.84,1.3,1.001,64.1318486158725,4.688342460044252,0.6336369259045962,1.767000354376384,0.81,1.04,1.78
24,Beverton-Holt,alpha,1.82054058518317,Beverton-Holt,1.9,1.19,2.97,1.001,4.364605516818802,1.82054058518317,0.98533640500665,-0.886557535754972,1.9,0.97,-1.04
24,Beverton-Holt,b_for,-0.886557535754972,Beverton-Holt,-1.04,-1.35,-0.73,1,17.30767130802853,1.82054058518317,0.98533640500665,-0.886557535754972,1.9,0.97,-1.04
24,Beverton-Holt,sigma,0.98533640500665,Beverton-Holt,0.97,0.79,1.22,1,-1.5564638562752084,1.82054058518317,0.98533640500665,-0.886557535754972,1.9,0.97,-1.04
24,Beverton-Holt,alpha,1.82054058518317,Ricker,1.57,1.13,2.01,1.001,-13.761878599260246,1.82054058518317,0.98533640500665,-0.886557535754972,1.57,0.96,-1.02
24,Beverton-Holt,b_for,-0.886557535754972,Ricker,-1.02,-1.32,-0.73,1.001,15.051754552104901,1.82054058518317,0.98533640500665,-0.886557535754972,1.57,0.96,-1.02
24,Beverton-Holt,sigma,0.98533640500665,Ricker,0.96,0.78,1.22,1,-2.571345672189898,1.82054058518317,0.98533640500665,-0.886557535754972,1.57,0.96,-1.02
25,Beverton-Holt,alpha,2.618993626320113,Beverton-Holt,2.47,2.15,2.82,1.023,-5.688964830718588,2.618993626320113,1.0656369618348223,-1.524297277414215,2.47,1.05,-1.44
25,Beverton-Holt,b_for,-1.524297277414215,Beverton-Holt,-1.44,-1.76,-1.13,1.012,-5.530238665597769,2.618993626320113,1.0656369618348223,-1.524297277414215,2.47,1.05,-1.44
25,Beverton-Holt,sigma,1.0656369618348223,Beverton-Holt,1.05,0.88,1.31,1.009,-1.4673817064207655,2.618993626320113,1.0656369618348223,-1.524297277414215,2.47,1.05,-1.44
25,Beverton-Holt,alpha,2.618993626320113,Ricker,2.63,2.28,3.02,1.011,0.4202520223522615,2.618993626320113,1.0656369618348223,-1.524297277414215,2.63,1.08,-1.51
25,Beverton-Holt,b_for,-1.524297277414215,Ricker,-1.51,-1.85,-1.16,1.003,-0.9379586007309894,2.618993626320113,1.0656369618348223,-1.524297277414215,2.63,1.08,-1.51
25,Beverton-Holt,sigma,1.0656369618348223,Ricker,1.08,0.87,1.39,1.005,1.3478359591100721,2.618993626320113,1.0656369618348223,-1.524297277414215,2.63,1.08,-1.51
26,Beverton-Holt,alpha,1.6748138166277167,Beverton-Holt,1.63,1.19,2.14,1.019,-2.675749159864863,1.6748138166277167,0.9369546595354075,-0.9697246877697878,1.63,0.89,-1.04
26,Beverton-Holt,b_for,-0.9697246877697878,Beverton-Holt,-1.04,-1.33,-0.73,1.017,7.246934425464018,1.6748138166277167,0.9369546595354075,-0.9697246877697878,1.63,0.89,-1.04
26,Beverton-Holt,sigma,0.9369546595354075,Beverton-Holt,0.89,0.71,1.15,1.016,-5.01141213798863,1.6748138166277167,0.9369546595354075,-0.9697246877697878,1.63,0.89,-1.04
26,Beverton-Holt,alpha,1.6748138166277167,Ricker,1.77,1.41,2.16,1.004,5.683388949103808,1.6748138166277167,0.9369546595354075,-0.9697246877697878,1.77,0.87,-1.09
26,Beverton-Holt,b_for,-0.9697246877697878,Ricker,-1.09,-1.37,-0.82,1.005,12.403037042072869,1.6748138166277167,0.9369546595354075,-0.9697246877697878,1.77,0.87,-1.09
26,Beverton-Holt,sigma,0.9369546595354075,Ricker,0.87,0.71,1.1,1.003,-7.145987146123719,1.6748138166277167,0.9369546595354075,-0.9697246877697878,1.77,0.87,-1.09
27,Beverton-Holt,alpha,1.212405366939806,Beverton-Holt,1.11,0.46,1.92,1.01,-8.446462687498991,1.212405366939806,0.8669085289013737,0.5412804797752562,1.11,1.07,0.57
27,Beverton-Holt,b_for,0.5412804797752562,Beverton-Holt,0.57,0.22,0.91,1.003,5.305848131946,1.212405366939806,0.8669085289013737,0.5412804797752562,1.11,1.07,0.57
27,Beverton-Holt,sigma,0.8669085289013737,Beverton-Holt,1.07,0.87,1.35,1.007,23.42709343925853,1.212405366939806,0.8669085289013737,0.5412804797752562,1.11,1.07,0.57
27,Beverton-Holt,alpha,1.212405366939806,Ricker,1.01,0.58,1.49,1.001,-16.694529112048638,1.212405366939806,0.8669085289013737,0.5412804797752562,1.01,1.06,0.58
27,Beverton-Holt,b_for,0.5412804797752562,Ricker,0.58,0.25,0.9,1.002,7.153319151804704,1.212405366939806,0.8669085289013737,0.5412804797752562,1.01,1.06,0.58
27,Beverton-Holt,sigma,0.8669085289013737,Ricker,1.06,0.87,1.35,1.003,22.27356920150845,1.212405366939806,0.8669085289013737,0.5412804797752562,1.01,1.06,0.58
28,Beverton-Holt,alpha,2.097919826585669,Beverton-Holt,2.07,1.38,3.15,1.005,-1.3308338208094503,2.097919826585669,1.1560108340432522,0.964889848750627,2.07,1.06,0.68
28,Beverton-Holt,b_for,0.964889848750627,Beverton-Holt,0.68,0.33,1.03,1.001,-29.525634363291545,2.097919826585669,1.1560108340432522,0.964889848750627,2.07,1.06,0.68
28,Beverton-Holt,sigma,1.1560108340432522,Beverton-Holt,1.06,0.87,1.37,1.002,-8.305357632976985,2.097919826585669,1.1560108340432522,0.964889848750627,2.07,1.06,0.68
28,Beverton-Holt,alpha,2.097919826585669,Ricker,1.78,1.33,2.25,1,-15.154050338667057,2.097919826585669,1.1560108340432522,0.964889848750627,1.78,1.09,0.73
28,Beverton-Holt,b_for,0.964889848750627,Ricker,0.73,0.39,1.06,1.001,-24.343695713533577,2.097919826585669,1.1560108340432522,0.964889848750627,1.78,1.09,0.73
28,Beverton-Holt,sigma,1.1560108340432522,Ricker,1.09,0.88,1.37,1.001,-5.710226245231049,2.097919826585669,1.1560108340432522,0.964889848750627,1.78,1.09,0.73
29,Beverton-Holt,alpha,2.5764721394724934,Beverton-Holt,2.2,1.81,2.73,1.042,-14.611923556432174,2.5764721394724934,1.0558959315773113,-1.2721775057486286,2.2,1.11,-1.18
29,Beverton-Holt,b_for,-1.2721775057486286,Beverton-Holt,-1.18,-1.54,-0.86,1.016,-7.245648137316004,2.5764721394724934,1.0558959315773113,-1.2721775057486286,2.2,1.11,-1.18
29,Beverton-Holt,sigma,1.0558959315773113,Beverton-Holt,1.11,0.9,1.41,1.007,5.12399629591028,2.5764721394724934,1.0558959315773113,-1.2721775057486286,2.2,1.11,-1.18
29,Beverton-Holt,alpha,2.5764721394724934,Ricker,2.46,2.02,2.9,1.006,-4.520605431283257,2.5764721394724934,1.0558959315773113,-1.2721775057486286,2.46,1.08,-1.27
29,Beverton-Holt,b_for,-1.2721775057486286,Ricker,-1.27,-1.62,-0.95,1.005,-0.1711636732129804,2.5764721394724934,1.0558959315773113,-1.2721775057486286,2.46,1.08,-1.27
29,Beverton-Holt,sigma,1.0558959315773113,Ricker,1.08,0.89,1.36,1.002,2.2828072068316216,2.5764721394724934,1.0558959315773113,-1.2721775057486286,2.46,1.08,-1.27
30,Beverton-Holt,alpha,1.4627217086862538,Beverton-Holt,1.81,1.03,4.22,1.07,23.741925019056072,1.4627217086862538,1.1899287384923558,0.28932881173918323,1.81,1.15,0.28
30,Beverton-Holt,b_for,0.28932881173918323,Beverton-Holt,0.28,-0.13,0.65,1.011,-3.2242940767311854,1.4627217086862538,1.1899287384923558,0.28932881173918323,1.81,1.15,0.28
30,Beverton-Holt,sigma,1.1899287384923558,Beverton-Holt,1.15,0.93,1.45,1.004,-3.355557118735174,1.4627217086862538,1.1899287384923558,0.28932881173918323,1.81,1.15,0.28
30,Beverton-Holt,alpha,1.4627217086862538,Ricker,1.45,0.93,1.98,1.004,-0.8697285758943109,1.4627217086862538,1.1899287384923558,0.28932881173918323,1.45,1.17,0.34
30,Beverton-Holt,b_for,0.28932881173918323,Ricker,0.34,-0.04,0.71,1.002,17.513357192540703,1.4627217086862538,1.1899287384923558,0.28932881173918323,1.45,1.17,0.34
30,Beverton-Holt,sigma,1.1899287384923558,Ricker,1.17,0.96,1.48,1.001,-1.6747841990610015,1.4627217086862538,1.1899287384923558,0.28932881173918323,1.45,1.17,0.34
31,Beverton-Holt,alpha,4.3652074234304665,Beverton-Holt,3.68,2.82,5.46,1.004,-15.69701865145243,4.3652074234304665,1.0596778638812587,1.8116312602785187,3.68,0.98,1.8
31,Beverton-Holt,b_for,1.8116312602785187,Beverton-Holt,1.8,1.46,2.13,1.002,-0.6420324341682261,4.3652074234304665,1.0596778638812587,1.8116312602785187,3.68,0.98,1.8
31,Beverton-Holt,sigma,1.0596778638812587,Beverton-Holt,0.98,0.8,1.25,1,-7.519064670221986,4.3652074234304665,1.0596778638812587,1.8116312602785187,3.68,0.98,1.8
31,Beverton-Holt,alpha,4.3652074234304665,Ricker,2.94,2.46,3.4,1.002,-32.64924859654081,4.3652074234304665,1.0596778638812587,1.8116312602785187,2.94,1.03,1.89
31,Beverton-Holt,b_for,1.8116312602785187,Ricker,1.89,1.57,2.2,1.001,4.325865944123355,4.3652074234304665,1.0596778638812587,1.8116312602785187,2.94,1.03,1.89
31,Beverton-Holt,sigma,1.0596778638812587,Ricker,1.03,0.84,1.31,1.001,-2.8006496023761644,4.3652074234304665,1.0596778638812587,1.8116312602785187,2.94,1.03,1.89
32,Beverton-Holt,alpha,0.20636335816887308,Beverton-Holt,0.38,0.07,0.82,1.008,84.14121740015253,0.20636335816887308,0.7400908646456297,-0.22646962133789522,0.38,0.73,-0.35
32,Beverton-Holt,b_for,-0.22646962133789522,Beverton-Holt,-0.35,-0.57,-0.11,1.004,54.5461143672758,0.20636335816887308,0.7400908646456297,-0.22646962133789522,0.38,0.73,-0.35
32,Beverton-Holt,sigma,0.7400908646456297,Beverton-Holt,0.73,0.6,0.91,1.002,-1.363462937819318,0.20636335816887308,0.7400908646456297,-0.22646962133789522,0.38,0.73,-0.35
32,Beverton-Holt,alpha,0.20636335816887308,Ricker,0.37,0.08,0.68,1.004,79.2953958896222,0.20636335816887308,0.7400908646456297,-0.22646962133789522,0.37,0.74,-0.35
32,Beverton-Holt,b_for,-0.22646962133789522,Ricker,-0.35,-0.57,-0.12,1.003,54.5461143672758,0.20636335816887308,0.7400908646456297,-0.22646962133789522,0.37,0.74,-0.35
32,Beverton-Holt,sigma,0.7400908646456297,Ricker,0.74,0.6,0.93,1.003,-0.012277498611362061,0.20636335816887308,0.7400908646456297,-0.22646962133789522,0.37,0.74,-0.35
33,Beverton-Holt,alpha,2.5076337727022375,Beverton-Holt,2.83,2.03,4.24,1.002,12.85539502645872,2.5076337727022375,1.0272266690757978,0.9448358183122134,2.83,1.15,0.88
33,Beverton-Holt,b_for,0.9448358183122134,Beverton-Holt,0.88,0.47,1.25,1.002,-6.862125361423263,2.5076337727022375,1.0272266690757978,0.9448358183122134,2.83,1.15,0.88
33,Beverton-Holt,sigma,1.0272266690757978,Beverton-Holt,1.15,0.94,1.47,1.003,11.9519220655225,2.5076337727022375,1.0272266690757978,0.9448358183122134,2.83,1.15,0.88
33,Beverton-Holt,alpha,2.5076337727022375,Ricker,2.43,1.93,2.95,1,-3.095897556786327,2.5076337727022375,1.0272266690757978,0.9448358183122134,2.43,1.17,0.94
33,Beverton-Holt,b_for,0.9448358183122134,Ricker,0.94,0.57,1.3,1.002,-0.5118157269748543,2.5076337727022375,1.0272266690757978,0.9448358183122134,2.43,1.17,0.94
33,Beverton-Holt,sigma,1.0272266690757978,Ricker,1.17,0.97,1.47,1,13.898912014488108,2.5076337727022375,1.0272266690757978,0.9448358183122134,2.43,1.17,0.94
34,Beverton-Holt,alpha,1.6114106355329456,Beverton-Holt,1.76,0.97,2.98,1.003,9.221073833728985,1.6114106355329456,1.2827873050763887,-0.39202974298676785,1.76,1.13,-0.09
34,Beverton-Holt,b_for,-0.39202974298676785,Beverton-Holt,-0.09,-0.45,0.27,1.001,-77.04255822165062,1.6114106355329456,1.2827873050763887,-0.39202974298676785,1.76,1.13,-0.09
34,Beverton-Holt,sigma,1.2827873050763887,Beverton-Holt,1.13,0.92,1.46,1,-11.910571960898109,1.6114106355329456,1.2827873050763887,-0.39202974298676785,1.76,1.13,-0.09
34,Beverton-Holt,alpha,1.6114106355329456,Ricker,1.4,0.87,1.91,1.006,-13.119600359533768,1.6114106355329456,1.2827873050763887,-0.39202974298676785,1.4,1.15,-0.04
34,Beverton-Holt,b_for,-0.39202974298676785,Ricker,-0.04,-0.39,0.31,1.003,-89.79669254295582,1.6114106355329456,1.2827873050763887,-0.39202974298676785,1.4,1.15,-0.04
34,Beverton-Holt,sigma,1.2827873050763887,Ricker,1.15,0.93,1.44,1.003,-10.351467039852054,1.6114106355329456,1.2827873050763887,-0.39202974298676785,1.4,1.15,-0.04
35,Beverton-Holt,alpha,4.223546115789265,Beverton-Holt,5.12,3.62,9.54,1.004,21.225147296472986,4.223546115789265,1.2573404798487333,0.5344838911734913,5.12,1.41,0.56
35,Beverton-Holt,b_for,0.5344838911734913,Beverton-Holt,0.56,0.11,1.01,1.001,4.773971535510013,4.223546115789265,1.2573404798487333,0.5344838911734913,5.12,1.41,0.56
35,Beverton-Holt,sigma,1.2573404798487333,Beverton-Holt,1.41,1.15,1.78,1,12.141462284713255,4.223546115789265,1.2573404798487333,0.5344838911734913,5.12,1.41,0.56
35,Beverton-Holt,alpha,4.223546115789265,Ricker,3.73,3.06,4.39,1.003,-11.685586051592924,4.223546115789265,1.2573404798487333,0.5344838911734913,3.73,1.5,0.68
35,Beverton-Holt,b_for,0.5344838911734913,Ricker,0.68,0.25,1.13,1,27.22553686454787,4.223546115789265,1.2573404798487333,0.5344838911734913,3.73,1.5,0.68
35,Beverton-Holt,sigma,1.2573404798487333,Ricker,1.5,1.23,1.9,1.001,19.299427962460914,4.223546115789265,1.2573404798487333,0.5344838911734913,3.73,1.5,0.68
36,Beverton-Holt,alpha,3.085053346668587,Beverton-Holt,5.89,1.91,9.7,1,90.92052350927256,3.085053346668587,1.3271652278868253,1.0407645536322374,5.89,1.29,1.29
36,Beverton-Holt,b_for,1.0407645536322374,Beverton-Holt,1.29,0.9,1.66,1,23.947341932230334,3.085053346668587,1.3271652278868253,1.0407645536322374,5.89,1.29,1.29
36,Beverton-Holt,sigma,1.3271652278868253,Beverton-Holt,1.29,1.05,1.62,1.001,-2.8003467168893144,3.085053346668587,1.3271652278868253,1.0407645536322374,5.89,1.29,1.29
36,Beverton-Holt,alpha,3.085053346668587,Ricker,0.87,0.23,1.57,1.002,-71.7995152032144,3.085053346668587,1.3271652278868253,1.0407645536322374,0.87,1.51,1.41
36,Beverton-Holt,b_for,1.0407645536322374,Ricker,1.41,0.93,1.87,1.004,35.477327228251745,3.085053346668587,1.3271652278868253,1.0407645536322374,0.87,1.51,1.41
36,Beverton-Holt,sigma,1.3271652278868253,Ricker,1.51,1.23,1.92,1.002,13.776338339145065,3.085053346668587,1.3271652278868253,1.0407645536322374,0.87,1.51,1.41
37,Beverton-Holt,alpha,3.9662728016332216,Beverton-Holt,3.92,3.21,4.91,1.012,-1.166657059347193,3.9662728016332216,1.0224911794538987,-0.40473190465018416,3.92,1.03,-0.17
37,Beverton-Holt,b_for,-0.40473190465018416,Beverton-Holt,-0.17,-0.5,0.18,1.002,-57.99688681648818,3.9662728016332216,1.0224911794538987,-0.40473190465018416,3.92,1.03,-0.17
37,Beverton-Holt,sigma,1.0224911794538987,Beverton-Holt,1.03,0.84,1.31,1.001,0.7343653125801767,3.9662728016332216,1.0224911794538987,-0.40473190465018416,3.92,1.03,-0.17
37,Beverton-Holt,alpha,3.9662728016332216,Ricker,3.63,3.16,4.09,1.002,-8.478307429956713,3.9662728016332216,1.0224911794538987,-0.40473190465018416,3.63,1.05,-0.13
37,Beverton-Holt,b_for,-0.40473190465018416,Ricker,-0.13,-0.46,0.21,1.002,-67.87997227143214,3.9662728016332216,1.0224911794538987,-0.40473190465018416,3.63,1.05,-0.13
37,Beverton-Holt,sigma,1.0224911794538987,Ricker,1.05,0.85,1.32,1,2.690372406028337,3.9662728016332216,1.0224911794538987,-0.40473190465018416,3.63,1.05,-0.13
38,Beverton-Holt,alpha,0.008626217253728807,Beverton-Holt,0.13,0.01,0.7,1,1407.0336878404682,0.008626217253728807,1.4808924438866935,-2.285033036910836,0.13,1.37,-2.02
38,Beverton-Holt,b_for,-2.285033036910836,Beverton-Holt,-2.02,-2.43,-1.57,1.004,-11.598652300849768,0.008626217253728807,1.4808924438866935,-2.285033036910836,0.13,1.37,-2.02
38,Beverton-Holt,sigma,1.4808924438866935,Beverton-Holt,1.37,1.11,1.77,1.003,-7.488217280361654,0.008626217253728807,1.4808924438866935,-2.285033036910836,0.13,1.37,-2.02
38,Beverton-Holt,alpha,0.008626217253728807,Ricker,0.13,0.01,0.51,1.001,1407.0336878404682,0.008626217253728807,1.4808924438866935,-2.285033036910836,0.13,1.3,-2.1
38,Beverton-Holt,b_for,-2.285033036910836,Ricker,-2.1,-2.51,-1.72,1.001,-8.097608827616092,0.008626217253728807,1.4808924438866935,-2.285033036910836,0.13,1.3,-2.1
38,Beverton-Holt,sigma,1.4808924438866935,Ricker,1.3,1.06,1.64,1.001,-12.215096689394274,0.008626217253728807,1.4808924438866935,-2.285033036910836,0.13,1.3,-2.1
39,Beverton-Holt,alpha,0.22213352492265614,Beverton-Holt,0.36,0.05,0.74,1.001,62.06468615007441,0.22213352492265614,0.5343432226241136,-0.5561816454002635,0.36,0.6,-0.46
39,Beverton-Holt,b_for,-0.5561816454002635,Beverton-Holt,-0.46,-0.64,-0.26,1,-17.293207389295468,0.22213352492265614,0.5343432226241136,-0.5561816454002635,0.36,0.6,-0.46
39,Beverton-Holt,sigma,0.5343432226241136,Beverton-Holt,0.6,0.49,0.75,1,12.287379084449054,0.22213352492265614,0.5343432226241136,-0.5561816454002635,0.36,0.6,-0.46
39,Beverton-Holt,alpha,0.22213352492265614,Ricker,0.25,0.03,0.51,1.001,12.544920937551673,0.22213352492265614,0.5343432226241136,-0.5561816454002635,0.25,0.6,-0.44
39,Beverton-Holt,b_for,-0.5561816454002635,Ricker,-0.44,-0.62,-0.24,1.002,-20.88915489410871,0.22213352492265614,0.5343432226241136,-0.5561816454002635,0.25,0.6,-0.44
39,Beverton-Holt,sigma,0.5343432226241136,Ricker,0.6,0.49,0.75,1.002,12.287379084449054,0.22213352492265614,0.5343432226241136,-0.5561816454002635,0.25,0.6,-0.44
40,Beverton-Holt,alpha,3.549309220119362,Beverton-Holt,5.92,2.09,9.79,1.002,66.79301894696323,3.549309220119362,1.0812679545842776,-1.3047264412520447,5.92,1.31,-1.28
40,Beverton-Holt,b_for,-1.3047264412520447,Beverton-Holt,-1.28,-1.67,-0.88,1.001,-1.89514372287241,3.549309220119362,1.0812679545842776,-1.3047264412520447,5.92,1.31,-1.28
40,Beverton-Holt,sigma,1.0812679545842776,Beverton-Holt,1.31,1.07,1.67,1.001,21.154057553075695,3.549309220119362,1.0812679545842776,-1.3047264412520447,5.92,1.31,-1.28
40,Beverton-Holt,alpha,3.549309220119362,Ricker,1.4,0.78,2.05,1.002,-60.5557049787587,3.549309220119362,1.0812679545842776,-1.3047264412520447,1.4,1.46,-1.09
40,Beverton-Holt,b_for,-1.3047264412520447,Ricker,-1.09,-1.53,-0.65,1,-16.45758332650853,3.549309220119362,1.0812679545842776,-1.3047264412520447,1.4,1.46,-1.09
40,Beverton-Holt,sigma,1.0812679545842776,Ricker,1.46,1.19,1.87,1.001,35.02665956296985,3.549309220119362,1.0812679545842776,-1.3047264412520447,1.4,1.46,-1.09
41,Beverton-Holt,alpha,4.135560480917326,Beverton-Holt,4.17,3.11,8.59,1.007,0.8327654556519615,4.135560480917326,0.9574080275703379,-2.5731784729877316,4.17,0.91,-2.52
41,Beverton-Holt,b_for,-2.5731784729877316,Beverton-Holt,-2.52,-2.8,-2.2,1.001,-2.0666453394499986,4.135560480917326,0.9574080275703379,-2.5731784729877316,4.17,0.91,-2.52
41,Beverton-Holt,sigma,0.9574080275703379,Beverton-Holt,0.91,0.74,1.17,1.001,-4.951705668339509,4.135560480917326,0.9574080275703379,-2.5731784729877316,4.17,0.91,-2.52
41,Beverton-Holt,alpha,4.135560480917326,Ricker,2.88,2.4,3.35,1.001,-30.36010443350656,4.135560480917326,0.9574080275703379,-2.5731784729877316,2.88,1.05,-2.4
41,Beverton-Holt,b_for,-2.5731784729877316,Ricker,-2.4,-2.73,-2.06,1.002,-6.730138418523812,4.135560480917326,0.9574080275703379,-2.5731784729877316,2.88,1.05,-2.4
41,Beverton-Holt,sigma,0.9574080275703379,Ricker,1.05,0.86,1.34,1.001,9.671108844223646,4.135560480917326,0.9574080275703379,-2.5731784729877316,2.88,1.05,-2.4
42,Beverton-Holt,alpha,2.2323058574725194,Beverton-Holt,1.72,1.3,2.23,1.001,-22.94962653785117,2.2323058574725194,0.7027247515488799,0.502235692671219,1.72,0.84,0.66
42,Beverton-Holt,b_for,0.502235692671219,Beverton-Holt,0.66,0.4,0.92,1.001,31.41240450070103,2.2323058574725194,0.7027247515488799,0.502235692671219,1.72,0.84,0.66
42,Beverton-Holt,sigma,0.7027247515488799,Beverton-Holt,0.84,0.68,1.05,1.001,19.534710873432424,2.2323058574725194,0.7027247515488799,0.502235692671219,1.72,0.84,0.66
42,Beverton-Holt,alpha,2.2323058574725194,Ricker,1.65,1.29,2.02,1.005,-26.085397550845602,2.2323058574725194,0.7027247515488799,0.502235692671219,1.65,0.83,0.67
42,Beverton-Holt,b_for,0.502235692671219,Ricker,0.67,0.41,0.93,1.005,33.40350153859044,2.2323058574725194,0.7027247515488799,0.502235692671219,1.65,0.83,0.67
42,Beverton-Holt,sigma,0.7027247515488799,Ricker,0.83,0.68,1.04,1.002,18.111678601129658,2.2323058574725194,0.7027247515488799,0.502235692671219,1.65,0.83,0.67
43,Beverton-Holt,alpha,2.3545502563915273,Beverton-Holt,2.02,1.4,3,1.027,-14.20866917082684,2.3545502563915273,0.9787852752715763,0.07610544191796076,2.02,1.09,0.33
43,Beverton-Holt,b_for,0.07610544191796076,Beverton-Holt,0.33,-0.04,0.69,1.004,333.60894002261955,2.3545502563915273,0.9787852752715763,0.07610544191796076,2.02,1.09,0.33
43,Beverton-Holt,sigma,0.9787852752715763,Beverton-Holt,1.09,0.9,1.36,1.007,11.36252531971998,2.3545502563915273,0.9787852752715763,0.07610544191796076,2.02,1.09,0.33
43,Beverton-Holt,alpha,2.3545502563915273,Ricker,1.92,1.49,2.39,1.004,-18.455764756429478,2.3545502563915273,0.9787852752715763,0.07610544191796076,1.92,1.11,0.36
43,Beverton-Holt,b_for,0.07610544191796076,Ricker,0.36,0,0.69,1.002,373.02793457013036,2.3545502563915273,0.9787852752715763,0.07610544191796076,1.92,1.11,0.36
43,Beverton-Holt,sigma,0.9787852752715763,Ricker,1.11,0.9,1.39,1.001,13.40587440815521,2.3545502563915273,0.9787852752715763,0.07610544191796076,1.92,1.11,0.36
44,Beverton-Holt,alpha,4.709066686250716,Beverton-Holt,4.51,2.53,9.67,1.002,-4.227306587777583,4.709066686250716,0.9623251081952932,0.3128806168405301,4.51,0.84,0.39
44,Beverton-Holt,b_for,0.3128806168405301,Beverton-Holt,0.39,0.13,0.65,1,24.648181769206992,4.709066686250716,0.9623251081952932,0.3128806168405301,4.51,0.84,0.39
44,Beverton-Holt,sigma,0.9623251081952932,Beverton-Holt,0.84,0.69,1.06,1,-12.711411887059343,4.709066686250716,0.9623251081952932,0.3128806168405301,4.51,0.84,0.39
44,Beverton-Holt,alpha,4.709066686250716,Ricker,1.67,1.23,2.14,1.001,-64.53649711786886,4.709066686250716,0.9623251081952932,0.3128806168405301,1.67,1.03,0.55
44,Beverton-Holt,b_for,0.3128806168405301,Ricker,0.55,0.22,0.87,1,75.78589736683038,4.709066686250716,0.9623251081952932,0.3128806168405301,1.67,1.03,0.55
44,Beverton-Holt,sigma,0.9623251081952932,Ricker,1.03,0.84,1.3,1.001,7.032435424201049,4.709066686250716,0.9623251081952932,0.3128806168405301,1.67,1.03,0.55
45,Beverton-Holt,alpha,0.6714824714524574,Beverton-Holt,0.58,0.29,0.93,1.004,-13.62395525449463,0.6714824714524574,0.7600991483269945,-0.15573593136043745,0.58,0.76,-0.17
45,Beverton-Holt,b_for,-0.15573593136043745,Beverton-Holt,-0.17,-0.41,0.06,1.006,9.159137852747415,0.6714824714524574,0.7600991483269945,-0.15573593136043745,0.58,0.76,-0.17
45,Beverton-Holt,sigma,0.7600991483269945,Beverton-Holt,0.76,0.62,0.95,1.003,-0.013044130783827995,0.6714824714524574,0.7600991483269945,-0.15573593136043745,0.58,0.76,-0.17
45,Beverton-Holt,alpha,0.6714824714524574,Ricker,0.62,0.33,0.94,1.003,-7.666986651356322,0.6714824714524574,0.7600991483269945,-0.15573593136043745,0.62,0.76,-0.17
45,Beverton-Holt,b_for,-0.15573593136043745,Ricker,-0.17,-0.41,0.05,1,9.159137852747415,0.6714824714524574,0.7600991483269945,-0.15573593136043745,0.62,0.76,-0.17
45,Beverton-Holt,sigma,0.7600991483269945,Ricker,0.76,0.62,0.96,1.001,-0.013044130783827995,0.6714824714524574,0.7600991483269945,-0.15573593136043745,0.62,0.76,-0.17
46,Beverton-Holt,alpha,2.9643277844032934,Beverton-Holt,2.39,1.52,5.79,1.026,-19.374638237549124,2.9643277844032934,0.8555072555764283,0.46866760361307763,2.39,1.07,0.6
46,Beverton-Holt,b_for,0.46866760361307763,Beverton-Holt,0.6,0.24,0.95,1.002,28.02250366239261,2.9643277844032934,0.8555072555764283,0.46866760361307763,2.39,1.07,0.6
46,Beverton-Holt,sigma,0.8555072555764283,Beverton-Holt,1.07,0.87,1.36,1.003,25.071995944563874,2.9643277844032934,0.8555072555764283,0.46866760361307763,2.39,1.07,0.6
46,Beverton-Holt,alpha,2.9643277844032934,Ricker,1.75,1.26,2.25,1.001,-40.964693270171956,2.9643277844032934,0.8555072555764283,0.46866760361307763,1.75,1.11,0.69
46,Beverton-Holt,b_for,0.46866760361307763,Ricker,0.69,0.35,1.04,1,47.22587921175149,2.9643277844032934,0.8555072555764283,0.46866760361307763,1.75,1.11,0.69
46,Beverton-Holt,sigma,0.8555072555764283,Ricker,1.11,0.9,1.4,1.001,29.74758457800552,2.9643277844032934,0.8555072555764283,0.46866760361307763,1.75,1.11,0.69
47,Beverton-Holt,alpha,2.556776470240332,Beverton-Holt,1.53,1.17,1.87,1.007,-40.15902376259811,2.556776470240332,0.9392274167413235,-2.85116378341089,1.53,1.21,-2.39
47,Beverton-Holt,b_for,-2.85116378341089,Beverton-Holt,-2.39,-2.75,-2.04,1.006,-16.174580572821135,2.556776470240332,0.9392274167413235,-2.85116378341089,1.53,1.21,-2.39
47,Beverton-Holt,sigma,0.9392274167413235,Beverton-Holt,1.21,0.99,1.54,1.013,28.82928867197358,2.556776470240332,0.9392274167413235,-2.85116378341089,1.53,1.21,-2.39
47,Beverton-Holt,alpha,2.556776470240332,Ricker,2.19,1.74,2.65,1.001,-14.345269307248275,2.556776470240332,0.9392274167413235,-2.85116378341089,2.19,1.03,-2.61
47,Beverton-Holt,b_for,-2.85116378341089,Ricker,-2.61,-2.93,-2.28,1.001,-8.458433177850706,2.556776470240332,0.9392274167413235,-2.85116378341089,2.19,1.03,-2.61
47,Beverton-Holt,sigma,0.9392274167413235,Ricker,1.03,0.85,1.3,1,9.664601100936196,2.556776470240332,0.9392274167413235,-2.85116378341089,2.19,1.03,-2.61
48,Beverton-Holt,alpha,0.926711884283822,Beverton-Holt,0.82,0.57,1.1,1.011,-11.515109074735857,0.926711884283822,0.7334618950133379,-0.025979377581360152,0.82,0.71,-0.11
48,Beverton-Holt,b_for,-0.025979377581360152,Beverton-Holt,-0.11,-0.33,0.11,1.007,323.4127613546966,0.926711884283822,0.7334618950133379,-0.025979377581360152,0.82,0.71,-0.11
48,Beverton-Holt,sigma,0.7334618950133379,Beverton-Holt,0.71,0.58,0.89,1.007,-3.198788535962226,0.926711884283822,0.7334618950133379,-0.025979377581360152,0.82,0.71,-0.11
48,Beverton-Holt,alpha,0.926711884283822,Ricker,0.83,0.6,1.11,1.006,-10.436025039061905,0.926711884283822,0.7334618950133379,-0.025979377581360152,0.83,0.72,-0.1
48,Beverton-Holt,b_for,-0.025979377581360152,Ricker,-0.1,-0.32,0.12,1.001,284.92069214063326,0.926711884283822,0.7334618950133379,-0.025979377581360152,0.83,0.72,-0.1
48,Beverton-Holt,sigma,0.7334618950133379,Ricker,0.72,0.59,0.92,1.008,-1.8353911913983125,0.926711884283822,0.7334618950133379,-0.025979377581360152,0.83,0.72,-0.1
49,Beverton-Holt,alpha,0.5971733367071399,Beverton-Holt,0.5,0.18,0.87,1.012,-16.272216245112553,0.5971733367071399,0.780887778953383,-0.1307927675927183,0.5,0.76,0.08
49,Beverton-Holt,b_for,-0.1307927675927183,Beverton-Holt,0.08,-0.17,0.31,1.007,-161.16546157132768,0.5971733367071399,0.780887778953383,-0.1307927675927183,0.5,0.76,0.08
49,Beverton-Holt,sigma,0.780887778953383,Beverton-Holt,0.76,0.62,0.95,1.003,-2.674875893355472,0.5971733367071399,0.780887778953383,-0.1307927675927183,0.5,0.76,0.08
49,Beverton-Holt,alpha,0.5971733367071399,Ricker,0.55,0.25,0.87,1.002,-7.8994378696238,0.5971733367071399,0.780887778953383,-0.1307927675927183,0.55,0.75,0.06
49,Beverton-Holt,b_for,-0.1307927675927183,Ricker,0.06,-0.18,0.29,1.005,-145.87409617849573,0.5971733367071399,0.780887778953383,-0.1307927675927183,0.55,0.75,0.06
49,Beverton-Holt,sigma,0.780887778953383,Ricker,0.75,0.62,0.94,1.002,-3.955469631600796,0.5971733367071399,0.780887778953383,-0.1307927675927183,0.55,0.75,0.06
50,Beverton-Holt,alpha,2.168757772984995,Beverton-Holt,3.36,1.24,9.51,1.001,54.92739861747791,2.168757772984995,1.1904435363418755,0.24235158916809502,3.36,1.19,0.27
50,Beverton-Holt,b_for,0.24235158916809502,Beverton-Holt,0.27,-0.11,0.64,1.002,11.408388501520438,2.168757772984995,1.1904435363418755,0.24235158916809502,3.36,1.19,0.27
50,Beverton-Holt,sigma,1.1904435363418755,Beverton-Holt,1.19,0.98,1.5,1.001,-0.03725807468689332,2.168757772984995,1.1904435363418755,0.24235158916809502,3.36,1.19,0.27
50,Beverton-Holt,alpha,2.168757772984995,Ricker,0.83,0.29,1.43,1.004,-61.72924379389682,2.168757772984995,1.1904435363418755,0.24235158916809502,0.83,1.37,0.42
50,Beverton-Holt,b_for,0.24235158916809502,Ricker,0.42,0,0.84,1.002,73.30193766903177,2.168757772984995,1.1904435363418755,0.24235158916809502,0.83,1.37,0.42
50,Beverton-Holt,sigma,1.1904435363418755,Ricker,1.37,1.11,1.71,1.001,15.083156670318466,2.168757772984995,1.1904435363418755,0.24235158916809502,0.83,1.37,0.42
51,Beverton-Holt,alpha,2.5751696170624023,Beverton-Holt,5.82,2.02,9.77,1,126.00453039823856,2.5751696170624023,1.3370301274596443,-1.835532847700327,5.82,1.31,-2.02
51,Beverton-Holt,b_for,-1.835532847700327,Beverton-Holt,-2.02,-2.41,-1.59,1.001,10.049787587881376,2.5751696170624023,1.3370301274596443,-1.835532847700327,5.82,1.31,-2.02
51,Beverton-Holt,sigma,1.3370301274596443,Beverton-Holt,1.31,1.07,1.68,1.001,-2.0216543295850404,2.5751696170624023,1.3370301274596443,-1.835532847700327,5.82,1.31,-2.02
51,Beverton-Holt,alpha,2.5751696170624023,Ricker,1.72,1.08,2.38,1.002,-33.20828311254807,2.5751696170624023,1.3370301274596443,-1.835532847700327,1.72,1.45,-1.89
51,Beverton-Holt,b_for,-1.835532847700327,Ricker,-1.89,-2.34,-1.41,1,2.967375515393955,2.5751696170624023,1.3370301274596443,-1.835532847700327,1.72,1.45,-1.89
51,Beverton-Holt,sigma,1.3370301274596443,Ricker,1.45,1.18,1.83,1.002,8.449313910001283,2.5751696170624023,1.3370301274596443,-1.835532847700327,1.72,1.45,-1.89
52,Beverton-Holt,alpha,0.11215506367238737,Beverton-Holt,0.15,0.01,0.6,1.028,33.74340407684158,0.11215506367238737,1.0049128239754634,-1.1419427958643542,0.15,0.99,-1.24
52,Beverton-Holt,b_for,-1.1419427958643542,Beverton-Holt,-1.24,-1.55,-0.94,1.01,8.58687532254405,0.11215506367238737,1.0049128239754634,-1.1419427958643542,0.15,0.99,-1.24
52,Beverton-Holt,sigma,1.0049128239754634,Beverton-Holt,0.99,0.81,1.26,1.022,-1.4839918070174385,0.11215506367238737,1.0049128239754634,-1.1419427958643542,0.15,0.99,-1.24
52,Beverton-Holt,alpha,0.11215506367238737,Ricker,0.22,0.02,0.6,1.005,96.15699264603433,0.11215506367238737,1.0049128239754634,-1.1419427958643542,0.22,0.99,-1.28
52,Beverton-Holt,b_for,-1.1419427958643542,Ricker,-1.28,-1.58,-0.98,1.006,12.089677752303537,0.11215506367238737,1.0049128239754634,-1.1419427958643542,0.22,0.99,-1.28
52,Beverton-Holt,sigma,1.0049128239754634,Ricker,0.99,0.81,1.26,1.002,-1.4839918070174385,0.11215506367238737,1.0049128239754634,-1.1419427958643542,0.22,0.99,-1.28
53,Beverton-Holt,alpha,2.624716166309899,Beverton-Holt,3.03,1.83,8.36,1.007,15.441053737246236,2.624716166309899,1.7230975583970816,-0.33976369569245823,3.03,1.45,-0.59
53,Beverton-Holt,b_for,-0.33976369569245823,Beverton-Holt,-0.59,-1.03,-0.13,1,73.65010078476618,2.624716166309899,1.7230975583970816,-0.33976369569245823,3.03,1.45,-0.59
53,Beverton-Holt,sigma,1.7230975583970816,Beverton-Holt,1.45,1.18,1.83,1.001,-15.849222063266788,2.624716166309899,1.7230975583970816,-0.33976369569245823,3.03,1.45,-0.59
53,Beverton-Holt,alpha,2.624716166309899,Ricker,2.32,1.7,2.98,1,-11.609490207785061,2.624716166309899,1.7230975583970816,-0.33976369569245823,2.32,1.43,-0.55
53,Beverton-Holt,b_for,-0.33976369569245823,Ricker,-0.55,-1,-0.11,1.002,61.87721259596849,2.624716166309899,1.7230975583970816,-0.33976369569245823,2.32,1.43,-0.55
53,Beverton-Holt,sigma,1.7230975583970816,Ricker,1.43,1.16,1.79,1.001,-17.009922448601042,2.624716166309899,1.7230975583970816,-0.33976369569245823,2.32,1.43,-0.55
54,Beverton-Holt,alpha,3.408265046354485,Beverton-Holt,5.35,2.82,9.68,1,56.97136012712434,3.408265046354485,0.7569008202621852,-1.197095434562647,5.35,0.79,-1.47
54,Beverton-Holt,b_for,-1.197095434562647,Beverton-Holt,-1.47,-1.71,-1.22,1.001,22.797227151489164,3.408265046354485,0.7569008202621852,-1.197095434562647,5.35,0.79,-1.47
54,Beverton-Holt,sigma,0.7569008202621852,Beverton-Holt,0.79,0.64,1,1.001,4.372987695580712,3.408265046354485,0.7569008202621852,-1.197095434562647,5.35,0.79,-1.47
54,Beverton-Holt,alpha,3.408265046354485,Ricker,1.94,1.57,2.33,1.002,-43.07954417820164,3.408265046354485,0.7569008202621852,-1.197095434562647,1.94,0.88,-1.37
54,Beverton-Holt,b_for,-1.197095434562647,Ricker,-1.37,-1.63,-1.08,1,14.443674284040933,3.408265046354485,0.7569008202621852,-1.197095434562647,1.94,0.88,-1.37
54,Beverton-Holt,sigma,0.7569008202621852,Ricker,0.88,0.72,1.12,1,16.26358123052028,3.408265046354485,0.7569008202621852,-1.197095434562647,1.94,0.88,-1.37
55,Beverton-Holt,alpha,3.717034910860751,Beverton-Holt,3.58,2.58,5.87,1.005,-3.686672687962946,3.717034910860751,1.1185075256931913,-0.15625776020533305,3.58,1.12,-0.02
55,Beverton-Holt,b_for,-0.15625776020533305,Beverton-Holt,-0.02,-0.39,0.34,1.001,-87.20063568444942,3.717034910860751,1.1185075256931913,-0.15625776020533305,3.58,1.12,-0.02
55,Beverton-Holt,sigma,1.1185075256931913,Beverton-Holt,1.12,0.92,1.41,1.003,0.13343444478693253,3.717034910860751,1.1185075256931913,-0.15625776020533305,3.58,1.12,-0.02
55,Beverton-Holt,alpha,3.717034910860751,Ricker,2.74,2.23,3.25,1.003,-26.285330493021917,3.717034910860751,1.1185075256931913,-0.15625776020533305,2.74,1.19,0.12
55,Beverton-Holt,b_for,-0.15625776020533305,Ricker,0.12,-0.26,0.5,1,-176.79618589330352,3.717034910860751,1.1185075256931913,-0.15625776020533305,2.74,1.19,0.12
55,Beverton-Holt,sigma,1.1185075256931913,Ricker,1.19,0.97,1.5,1.001,6.391774097586101,3.717034910860751,1.1185075256931913,-0.15625776020533305,2.74,1.19,0.12
56,Beverton-Holt,alpha,1.3208627364049885,Beverton-Holt,1.06,0.68,1.44,1.014,-19.749420527600194,1.3208627364049885,1.1564994117675884,-1.8980531055271734,1.06,1.28,-1.85
56,Beverton-Holt,b_for,-1.8980531055271734,Beverton-Holt,-1.85,-2.22,-1.46,1.014,-2.5317050080022323,1.3208627364049885,1.1564994117675884,-1.8980531055271734,1.06,1.28,-1.85
56,Beverton-Holt,sigma,1.1564994117675884,Beverton-Holt,1.28,1.03,1.58,1.02,10.678828452117747,1.3208627364049885,1.1564994117675884,-1.8980531055271734,1.06,1.28,-1.85
56,Beverton-Holt,alpha,1.3208627364049885,Ricker,1.51,1.03,2.06,1.001,14.319221701248772,1.3208627364049885,1.1564994117675884,-1.8980531055271734,1.51,1.2,-2
56,Beverton-Holt,b_for,-1.8980531055271734,Ricker,-2,-2.36,-1.63,1.001,5.371129721078662,1.3208627364049885,1.1564994117675884,-1.8980531055271734,1.51,1.2,-2
56,Beverton-Holt,sigma,1.1564994117675884,Ricker,1.2,0.98,1.51,1.002,3.761401673860382,1.3208627364049885,1.1564994117675884,-1.8980531055271734,1.51,1.2,-2
57,Beverton-Holt,alpha,3.2129934453380673,Beverton-Holt,3.41,2.89,4.06,1.002,6.131557938525581,3.2129934453380673,0.9005757682916256,1.2807570329745301,3.41,0.97,1.33
57,Beverton-Holt,b_for,1.2807570329745301,Beverton-Holt,1.33,1.03,1.64,1.002,3.844832841643994,3.2129934453380673,0.9005757682916256,1.2807570329745301,3.41,0.97,1.33
57,Beverton-Holt,sigma,0.9005757682916256,Beverton-Holt,0.97,0.79,1.23,1.008,7.708871829859559,3.2129934453380673,0.9005757682916256,1.2807570329745301,3.41,0.97,1.33
57,Beverton-Holt,alpha,3.2129934453380673,Ricker,3.38,2.97,3.81,1.003,5.19784921765878,3.2129934453380673,0.9005757682916256,1.2807570329745301,3.38,0.95,1.33
57,Beverton-Holt,b_for,1.2807570329745301,Ricker,1.33,1.03,1.62,1.003,3.844832841643994,3.2129934453380673,0.9005757682916256,1.2807570329745301,3.38,0.95,1.33
57,Beverton-Holt,sigma,0.9005757682916256,Ricker,0.95,0.78,1.18,1.001,5.488070348831525,3.2129934453380673,0.9005757682916256,1.2807570329745301,3.38,0.95,1.33
58,Beverton-Holt,alpha,2.4703755062559996,Beverton-Holt,2.03,1.69,2.46,1.069,-17.826257795253763,2.4703755062559996,0.9693199819091186,-0.7905957961834267,2.03,0.85,-1.06
58,Beverton-Holt,b_for,-0.7905957961834267,Beverton-Holt,-1.06,-1.32,-0.79,1.014,34.07609869886896,2.4703755062559996,0.9693199819091186,-0.7905957961834267,2.03,0.85,-1.06
58,Beverton-Holt,sigma,0.9693199819091186,Beverton-Holt,0.85,0.7,1.07,1.007,-12.309658743866255,2.4703755062559996,0.9693199819091186,-0.7905957961834267,2.03,0.85,-1.06
58,Beverton-Holt,alpha,2.4703755062559996,Ricker,2.08,1.77,2.43,1.005,-15.802273997107294,2.4703755062559996,0.9693199819091186,-0.7905957961834267,2.08,0.87,-1.07
58,Beverton-Holt,b_for,-0.7905957961834267,Ricker,-1.07,-1.35,-0.81,1.002,35.34096755451867,2.4703755062559996,0.9693199819091186,-0.7905957961834267,2.08,0.87,-1.07
58,Beverton-Holt,sigma,0.9693199819091186,Ricker,0.87,0.7,1.09,1.003,-10.246356596663109,2.4703755062559996,0.9693199819091186,-0.7905957961834267,2.08,0.87,-1.07
59,Beverton-Holt,alpha,1.4679319781822118,Beverton-Holt,1.01,0.78,1.43,1.016,-31.195721940010046,1.4679319781822118,0.6380190474297938,1.663462404970457,1.01,0.59,1.58
59,Beverton-Holt,b_for,1.663462404970457,Beverton-Holt,1.58,1.4,1.76,1.004,-5.0173905175776525,1.4679319781822118,0.6380190474297938,1.663462404970457,1.01,0.59,1.58
59,Beverton-Holt,sigma,0.6380190474297938,Beverton-Holt,0.59,0.48,0.73,1.007,-7.5262717662167775,1.4679319781822118,0.6380190474297938,1.663462404970457,1.01,0.59,1.58
59,Beverton-Holt,alpha,1.4679319781822118,Ricker,1.05,0.81,1.3,1.004,-28.470800036644107,1.4679319781822118,0.6380190474297938,1.663462404970457,1.05,0.59,1.57
59,Beverton-Holt,b_for,1.663462404970457,Ricker,1.57,1.39,1.75,1,-5.618546273795515,1.4679319781822118,0.6380190474297938,1.663462404970457,1.05,0.59,1.57
59,Beverton-Holt,sigma,0.6380190474297938,Ricker,0.59,0.48,0.74,1.004,-7.5262717662167775,1.4679319781822118,0.6380190474297938,1.663462404970457,1.05,0.59,1.57
60,Beverton-Holt,alpha,3.430571050382257,Beverton-Holt,5.91,3.58,9.72,1.003,72.27452552954612,3.430571050382257,0.8711985028031621,-0.39661830785430674,5.91,0.71,-0.38
60,Beverton-Holt,b_for,-0.39661830785430674,Beverton-Holt,-0.38,-0.61,-0.17,1.002,-4.190000190412613,3.430571050382257,0.8711985028031621,-0.39661830785430674,5.91,0.71,-0.38
60,Beverton-Holt,sigma,0.8711985028031621,Beverton-Holt,0.71,0.58,0.89,1.001,-18.50307390158397,3.430571050382257,0.8711985028031621,-0.39661830785430674,5.91,0.71,-0.38
60,Beverton-Holt,alpha,3.430571050382257,Ricker,2.33,1.92,2.78,1.001,-32.08127842912987,3.430571050382257,0.8711985028031621,-0.39661830785430674,2.33,0.97,-0.18
60,Beverton-Holt,b_for,-0.39661830785430674,Ricker,-0.18,-0.47,0.12,1.001,-54.61631587966913,3.430571050382257,0.8711985028031621,-0.39661830785430674,2.33,0.97,-0.18
60,Beverton-Holt,sigma,0.8711985028031621,Ricker,0.97,0.79,1.23,1.003,11.340870866850073,3.430571050382257,0.8711985028031621,-0.39661830785430674,2.33,0.97,-0.18
61,Beverton-Holt,alpha,3.0937980333344637,Beverton-Holt,2.7,2.26,3.24,1.003,-12.72862769616645,3.0937980333344637,0.6374565768997559,-1.2857004796202942,2.7,0.62,-1.17
61,Beverton-Holt,b_for,-1.2857004796202942,Beverton-Holt,-1.17,-1.37,-0.96,1,-8.999022824854517,3.0937980333344637,0.6374565768997559,-1.2857004796202942,2.7,0.62,-1.17
61,Beverton-Holt,sigma,0.6374565768997559,Beverton-Holt,0.62,0.51,0.78,1.002,-2.738473102694341,3.0937980333344637,0.6374565768997559,-1.2857004796202942,2.7,0.62,-1.17
61,Beverton-Holt,alpha,3.0937980333344637,Ricker,2.42,2.15,2.69,1,-21.778992231378826,3.0937980333344637,0.6374565768997559,-1.2857004796202942,2.42,0.59,-1.15
61,Beverton-Holt,b_for,-1.2857004796202942,Ricker,-1.15,-1.33,-0.96,1.001,-10.554595084258716,3.0937980333344637,0.6374565768997559,-1.2857004796202942,2.42,0.59,-1.15
61,Beverton-Holt,sigma,0.6374565768997559,Ricker,0.59,0.48,0.74,1,-7.444676017080103,3.0937980333344637,0.6374565768997559,-1.2857004796202942,2.42,0.59,-1.15
62,Beverton-Holt,alpha,3.9777630681742155,Beverton-Holt,1.8,1.4,2.2,1.008,-54.748436014159175,3.9777630681742155,0.9624880921906878,-2.564275380735128,1.8,1.3,-1.97
62,Beverton-Holt,b_for,-2.564275380735128,Beverton-Holt,-1.97,-2.32,-1.56,1.011,-23.175177876752105,3.9777630681742155,0.9624880921906878,-2.564275380735128,1.8,1.3,-1.97
62,Beverton-Holt,sigma,0.9624880921906878,Beverton-Holt,1.3,1.06,1.64,1.003,35.06660607520997,3.9777630681742155,0.9624880921906878,-2.564275380735128,1.8,1.3,-1.97
62,Beverton-Holt,alpha,3.9777630681742155,Ricker,2.55,2.06,3.03,1.003,-35.89361768672552,3.9777630681742155,0.9624880921906878,-2.564275380735128,2.55,1.08,-2.19
62,Beverton-Holt,b_for,-2.564275380735128,Ricker,-2.19,-2.52,-1.85,1.002,-14.595756116795487,3.9777630681742155,0.9624880921906878,-2.564275380735128,2.55,1.08,-2.19
62,Beverton-Holt,sigma,0.9624880921906878,Ricker,1.08,0.88,1.38,1.002,12.209180431712905,3.9777630681742155,0.9624880921906878,-2.564275380735128,2.55,1.08,-2.19
63,Beverton-Holt,alpha,3.594438683144814,Beverton-Holt,6.45,3.11,9.8,1,79.44387339935993,3.594438683144814,0.8407521927899801,-1.1890568939704202,6.45,0.8,-1.16
63,Beverton-Holt,b_for,-1.1890568939704202,Beverton-Holt,-1.16,-1.39,-0.91,1,-2.4436924858486346,3.594438683144814,0.8407521927899801,-1.1890568939704202,6.45,0.8,-1.16
63,Beverton-Holt,sigma,0.8407521927899801,Beverton-Holt,0.8,0.65,1.01,1.001,-4.847111091646002,3.594438683144814,0.8407521927899801,-1.1890568939704202,6.45,0.8,-1.16
63,Beverton-Holt,alpha,3.594438683144814,Ricker,1.71,1.27,2.14,1,-52.426507982495274,3.594438683144814,0.8407521927899801,-1.1890568939704202,1.71,0.96,-1.02
63,Beverton-Holt,b_for,-1.1890568939704202,Ricker,-1.02,-1.3,-0.72,1.001,-14.217729599625518,3.594438683144814,0.8407521927899801,-1.1890568939704202,1.71,0.96,-1.02
63,Beverton-Holt,sigma,0.8407521927899801,Ricker,0.96,0.79,1.22,1,14.183466690024787,3.594438683144814,0.8407521927899801,-1.1890568939704202,1.71,0.96,-1.02
64,Beverton-Holt,alpha,3.514605828963863,Beverton-Holt,4.66,1.27,9.68,1.003,32.58954849493918,3.514605828963863,1.1995555026855407,-2.230545245893743,4.66,1.08,-2.42
64,Beverton-Holt,b_for,-2.230545245893743,Beverton-Holt,-2.42,-2.75,-2.06,1,8.49365214424716,3.514605828963863,1.1995555026855407,-2.230545245893743,4.66,1.08,-2.42
64,Beverton-Holt,sigma,1.1995555026855407,Beverton-Holt,1.08,0.88,1.39,1.001,-9.966650348223332,3.514605828963863,1.1995555026855407,-2.230545245893743,4.66,1.08,-2.42
64,Beverton-Holt,alpha,3.514605828963863,Ricker,0.87,0.34,1.4,1.002,-75.24615725523667,3.514605828963863,1.1995555026855407,-2.230545245893743,0.87,1.2,-2.25
64,Beverton-Holt,b_for,-2.230545245893743,Ricker,-2.25,-2.61,-1.87,1.001,0.8721972415521155,3.514605828963863,1.1995555026855407,-2.230545245893743,0.87,1.2,-2.25
64,Beverton-Holt,sigma,1.1995555026855407,Ricker,1.2,0.98,1.52,1.001,0.03705516864072971,3.514605828963863,1.1995555026855407,-2.230545245893743,0.87,1.2,-2.25
65,Beverton-Holt,alpha,0.9205250412686086,Beverton-Holt,1.04,0.41,1.78,1.013,12.979001480148627,0.9205250412686086,1.0581981604683237,-0.1876733618652311,1.04,1.06,-0.11
65,Beverton-Holt,b_for,-0.1876733618652311,Beverton-Holt,-0.11,-0.44,0.25,1.012,-41.38752622815411,0.9205250412686086,1.0581981604683237,-0.1876733618652311,1.04,1.06,-0.11
65,Beverton-Holt,sigma,1.0581981604683237,Beverton-Holt,1.06,0.86,1.35,1.005,0.17027430201531502,0.9205250412686086,1.0581981604683237,-0.1876733618652311,1.04,1.06,-0.11
65,Beverton-Holt,alpha,0.9205250412686086,Ricker,0.92,0.45,1.37,1.005,-0.057037152176213475,0.9205250412686086,1.0581981604683237,-0.1876733618652311,0.92,1.07,-0.08
65,Beverton-Holt,b_for,-0.1876733618652311,Ricker,-0.08,-0.41,0.25,1.002,-57.37274634774844,0.9205250412686086,1.0581981604683237,-0.1876733618652311,0.92,1.07,-0.08
65,Beverton-Holt,sigma,1.0581981604683237,Ricker,1.07,0.88,1.36,1.002,1.1152768897701772,0.9205250412686086,1.0581981604683237,-0.1876733618652311,0.92,1.07,-0.08
66,Beverton-Holt,alpha,0.16685154533270774,Beverton-Holt,0.38,0.03,1.01,1.003,127.74736622442838,0.16685154533270774,1.070886486054536,0.9676013825326304,0.38,0.99,0.83
66,Beverton-Holt,b_for,0.9676013825326304,Beverton-Holt,0.83,0.52,1.14,1.002,-14.220874940511994,0.16685154533270774,1.070886486054536,0.9676013825326304,0.38,0.99,0.83
66,Beverton-Holt,sigma,1.070886486054536,Beverton-Holt,0.99,0.81,1.22,1.002,-7.553226892660287,0.16685154533270774,1.070886486054536,0.9676013825326304,0.38,0.99,0.83
66,Beverton-Holt,alpha,0.16685154533270774,Ricker,0.29,0.03,0.7,1.006,73.80720053969532,0.16685154533270774,1.070886486054536,0.9676013825326304,0.29,1,0.85
66,Beverton-Holt,b_for,0.9676013825326304,Ricker,0.85,0.53,1.15,1.005,-12.153908071608667,0.16685154533270774,1.070886486054536,0.9676013825326304,0.29,1,0.85
66,Beverton-Holt,sigma,1.070886486054536,Ricker,1,0.82,1.27,1.003,-6.619421103697259,0.16685154533270774,1.070886486054536,0.9676013825326304,0.29,1,0.85
67,Beverton-Holt,alpha,0.6142860644042554,Beverton-Holt,0.82,0.32,1.46,1.001,33.488296009978555,0.6142860644042554,0.6520828438942391,-1.6029481333831845,0.82,0.57,-1.62
67,Beverton-Holt,b_for,-1.6029481333831845,Beverton-Holt,-1.62,-1.81,-1.44,1,1.0637815573499485,0.6142860644042554,0.6520828438942391,-1.6029481333831845,0.82,0.57,-1.62
67,Beverton-Holt,sigma,0.6520828438942391,Beverton-Holt,0.57,0.47,0.73,1.001,-12.587793815282788,0.6142860644042554,0.6520828438942391,-1.6029481333831845,0.82,0.57,-1.62
67,Beverton-Holt,alpha,0.6142860644042554,Ricker,0.2,0.02,0.46,1,-67.44187902195644,0.6142860644042554,0.6520828438942391,-1.6029481333831845,0.2,0.64,-1.55
67,Beverton-Holt,b_for,-1.6029481333831845,Ricker,-1.55,-1.74,-1.35,1,-3.3031719667330774,0.6142860644042554,0.6520828438942391,-1.6029481333831845,0.2,0.64,-1.55
67,Beverton-Holt,sigma,0.6520828438942391,Ricker,0.64,0.53,0.81,1,-1.8529614768087335,0.6142860644042554,0.6520828438942391,-1.6029481333831845,0.2,0.64,-1.55
68,Beverton-Holt,alpha,4.270851576366471,Beverton-Holt,5.88,3.34,9.75,1.008,37.67746068578084,4.270851576366471,1.5601863852424924,-0.6397683634970004,5.88,1.49,-0.51
68,Beverton-Holt,b_for,-0.6397683634970004,Beverton-Holt,-0.51,-0.95,-0.03,1,-20.283648098458812,4.270851576366471,1.5601863852424924,-0.6397683634970004,5.88,1.49,-0.51
68,Beverton-Holt,sigma,1.5601863852424924,Beverton-Holt,1.49,1.22,1.89,1.002,-4.498589777886294,4.270851576366471,1.5601863852424924,-0.6397683634970004,5.88,1.49,-0.51
68,Beverton-Holt,alpha,4.270851576366471,Ricker,3.39,2.68,4.11,1.002,-20.624729298503897,4.270851576366471,1.5601863852424924,-0.6397683634970004,3.39,1.53,-0.39
68,Beverton-Holt,b_for,-0.6397683634970004,Ricker,-0.39,-0.86,0.08,1.001,-39.040436781174385,4.270851576366471,1.5601863852424924,-0.6397683634970004,3.39,1.53,-0.39
68,Beverton-Holt,sigma,1.5601863852424924,Ricker,1.53,1.26,1.96,1.001,-1.934793530312769,4.270851576366471,1.5601863852424924,-0.6397683634970004,3.39,1.53,-0.39
69,Beverton-Holt,alpha,0.7770781020463953,Beverton-Holt,0.91,0.59,1.38,1.008,17.10534598820399,0.7770781020463953,0.9941031374493329,-0.4117063582444562,0.91,0.92,-0.24
69,Beverton-Holt,b_for,-0.4117063582444562,Beverton-Holt,-0.24,-0.53,0.02,1.008,-41.7060253761015,0.7770781020463953,0.9941031374493329,-0.4117063582444562,0.91,0.92,-0.24
69,Beverton-Holt,sigma,0.9941031374493329,Beverton-Holt,0.92,0.75,1.17,1.003,-7.454270553804554,0.7770781020463953,0.9941031374493329,-0.4117063582444562,0.91,0.92,-0.24
69,Beverton-Holt,alpha,0.7770781020463953,Ricker,0.94,0.62,1.34,1.012,20.965961790012898,0.7770781020463953,0.9941031374493329,-0.4117063582444562,0.94,0.93,-0.26
69,Beverton-Holt,b_for,-0.4117063582444562,Ricker,-0.26,-0.55,0.02,1.002,-36.84819415744328,0.7770781020463953,0.9941031374493329,-0.4117063582444562,0.94,0.93,-0.26
69,Beverton-Holt,sigma,0.9941031374493329,Ricker,0.93,0.76,1.2,1.004,-6.4483387119980815,0.7770781020463953,0.9941031374493329,-0.4117063582444562,0.94,0.93,-0.26
70,Beverton-Holt,alpha,0.6225676221683041,Beverton-Holt,0.77,0.12,2.11,1.495,23.681343613439516,0.6225676221683041,1.3643505646648197,-0.6995606342564363,0.77,1.73,-0.67
70,Beverton-Holt,b_for,-0.6995606342564363,Beverton-Holt,-0.67,-1.09,-0.15,1.059,-4.2256000136223095,0.6225676221683041,1.3643505646648197,-0.6995606342564363,0.77,1.73,-0.67
70,Beverton-Holt,sigma,1.3643505646648197,Beverton-Holt,1.73,1.44,2.15,1.032,26.80025535995651,0.6225676221683041,1.3643505646648197,-0.6995606342564363,0.77,1.73,-0.67
70,Beverton-Holt,alpha,0.6225676221683041,Ricker,0.94,0.33,1.63,1.004,50.987614281341735,0.6225676221683041,1.3643505646648197,-0.6995606342564363,0.94,1.69,-0.74
70,Beverton-Holt,b_for,-0.6995606342564363,Ricker,-0.74,-1.25,-0.21,1.003,5.7806805819693805,0.6225676221683041,1.3643505646648197,-0.6995606342564363,0.94,1.69,-0.74
70,Beverton-Holt,sigma,1.3643505646648197,Ricker,1.69,1.37,2.14,1.002,23.8684575481656,0.6225676221683041,1.3643505646648197,-0.6995606342564363,0.94,1.69,-0.74
71,Beverton-Holt,alpha,3.7810139414309947,Beverton-Holt,4.46,1.64,9.7,1.001,17.95777717529469,3.7810139414309947,1.2428733519886515,-0.9951883536103117,4.46,1.27,-1.18
71,Beverton-Holt,b_for,-0.9951883536103117,Beverton-Holt,-1.18,-1.56,-0.79,1.001,18.570519411650533,3.7810139414309947,1.2428733519886515,-0.9951883536103117,4.46,1.27,-1.18
71,Beverton-Holt,sigma,1.2428733519886515,Beverton-Holt,1.27,1.04,1.59,1.002,2.182575398204873,3.7810139414309947,1.2428733519886515,-0.9951883536103117,4.46,1.27,-1.18
71,Beverton-Holt,alpha,3.7810139414309947,Ricker,1.36,0.75,1.95,1.001,-64.03081234116574,3.7810139414309947,1.2428733519886515,-0.9951883536103117,1.36,1.38,-1.05
71,Beverton-Holt,b_for,-0.9951883536103117,Ricker,-1.05,-1.47,-0.62,1,5.50766557816362,3.7810139414309947,1.2428733519886515,-0.9951883536103117,1.36,1.38,-1.05
71,Beverton-Holt,sigma,1.2428733519886515,Ricker,1.38,1.13,1.73,1,11.033034684663553,3.7810139414309947,1.2428733519886515,-0.9951883536103117,1.36,1.38,-1.05
72,Beverton-Holt,alpha,2.593943856070012,Beverton-Holt,2.88,2.07,4.94,1.003,11.027846391532192,2.593943856070012,0.9577842829805697,0.5154987570948844,2.88,0.92,0.33
72,Beverton-Holt,b_for,0.5154987570948844,Beverton-Holt,0.33,0.02,0.63,1,-35.984326740237094,2.593943856070012,0.9577842829805697,0.5154987570948844,2.88,0.92,0.33
72,Beverton-Holt,sigma,0.9577842829805697,Beverton-Holt,0.92,0.75,1.16,1.001,-3.944967948626925,2.593943856070012,0.9577842829805697,0.5154987570948844,2.88,0.92,0.33
72,Beverton-Holt,alpha,2.593943856070012,Ricker,2.05,1.62,2.51,1.005,-20.969762117138547,2.593943856070012,0.9577842829805697,0.5154987570948844,2.05,1,0.45
72,Beverton-Holt,b_for,0.5154987570948844,Ricker,0.45,0.14,0.77,1.001,-12.705900100323314,2.593943856070012,0.9577842829805697,0.5154987570948844,2.05,1,0.45
72,Beverton-Holt,sigma,0.9577842829805697,Ricker,1,0.82,1.26,1,4.4076435341011635,2.593943856070012,0.9577842829805697,0.5154987570948844,2.05,1,0.45
73,Beverton-Holt,alpha,2.9275041333837075,Beverton-Holt,2.95,0.74,9.26,1.209,0.7684315919407834,2.9275041333837075,1.0351926216383656,-1.4531761524893365,2.95,1.4,-1.26
73,Beverton-Holt,b_for,-1.4531761524893365,Beverton-Holt,-1.26,-1.74,-0.58,1.199,-13.293374802388524,2.9275041333837075,1.0351926216383656,-1.4531761524893365,2.95,1.4,-1.26
73,Beverton-Holt,sigma,1.0351926216383656,Beverton-Holt,1.4,1.08,1.97,1.244,35.240531156826215,2.9275041333837075,1.0351926216383656,-1.4531761524893365,2.95,1.4,-1.26
73,Beverton-Holt,alpha,2.9275041333837075,Ricker,1.89,1.24,2.53,1.006,-35.439886200417604,2.9275041333837075,1.0351926216383656,-1.4531761524893365,1.89,1.45,-1.18
73,Beverton-Holt,b_for,-1.4531761524893365,Ricker,-1.18,-1.63,-0.71,1.004,-18.798557354617827,2.9275041333837075,1.0351926216383656,-1.4531761524893365,1.89,1.45,-1.18
73,Beverton-Holt,sigma,1.0351926216383656,Ricker,1.45,1.18,1.87,1.001,40.070550126712874,2.9275041333837075,1.0351926216383656,-1.4531761524893365,1.89,1.45,-1.18
74,Beverton-Holt,alpha,3.1888630193318823,Beverton-Holt,2.87,2.05,4.06,1.007,-9.99926987765969,3.1888630193318823,1.3221577334461292,0.38854046804998293,2.87,1.23,0.52
74,Beverton-Holt,b_for,0.38854046804998293,Beverton-Holt,0.52,0.11,0.91,1.003,33.83419302750872,3.1888630193318823,1.3221577334461292,0.38854046804998293,2.87,1.23,0.52
74,Beverton-Holt,sigma,1.3221577334461292,Beverton-Holt,1.23,1.01,1.57,1.002,-6.970252573868422,3.1888630193318823,1.3221577334461292,0.38854046804998293,2.87,1.23,0.52
74,Beverton-Holt,alpha,3.1888630193318823,Ricker,2.6,2.07,3.14,1,-18.46623751983108,3.1888630193318823,1.3221577334461292,0.38854046804998293,2.6,1.25,0.56
74,Beverton-Holt,b_for,0.38854046804998293,Ricker,0.56,0.2,0.95,1.001,44.129130952701715,3.1888630193318823,1.3221577334461292,0.38854046804998293,2.6,1.25,0.56
74,Beverton-Holt,sigma,1.3221577334461292,Ricker,1.25,1.02,1.57,1.002,-5.457573753931322,3.1888630193318823,1.3221577334461292,0.38854046804998293,2.6,1.25,0.56
75,Beverton-Holt,alpha,6.392207301348258,Beverton-Holt,7.55,4.47,9.88,1.002,18.112564941495833,6.392207301348258,1.0005584316718845,-0.228752498507507,7.55,0.92,-0.02
75,Beverton-Holt,b_for,-0.228752498507507,Beverton-Holt,-0.02,-0.29,0.26,1.001,-91.25692609676845,6.392207301348258,1.0005584316718845,-0.228752498507507,7.55,0.92,-0.02
75,Beverton-Holt,sigma,1.0005584316718845,Beverton-Holt,0.92,0.76,1.17,1,-8.051347039999978,6.392207301348258,1.0005584316718845,-0.228752498507507,7.55,0.92,-0.02
75,Beverton-Holt,alpha,6.392207301348258,Ricker,2.72,2.15,3.26,1,-57.44818852438826,6.392207301348258,1.0005584316718845,-0.228752498507507,2.72,1.22,0.15
75,Beverton-Holt,b_for,-0.228752498507507,Ricker,0.15,-0.23,0.52,1.001,-165.57305427423668,6.392207301348258,1.0005584316718845,-0.228752498507507,2.72,1.22,0.15
75,Beverton-Holt,sigma,1.0005584316718845,Ricker,1.22,0.99,1.53,1,21.93190936000002,6.392207301348258,1.0005584316718845,-0.228752498507507,2.72,1.22,0.15
76,Beverton-Holt,alpha,2.6106292727254727,Beverton-Holt,2.8,2.18,3.75,1.008,7.253834516182598,2.6106292727254727,0.9360541519486374,0.5808856365755368,2.8,1.1,0.67
76,Beverton-Holt,b_for,0.5808856365755368,Beverton-Holt,0.67,0.3,1.04,1.005,15.341120147128139,2.6106292727254727,0.9360541519486374,0.5808856365755368,2.8,1.1,0.67
76,Beverton-Holt,sigma,0.9360541519486374,Beverton-Holt,1.1,0.91,1.4,1.002,17.514568757594553,2.6106292727254727,0.9360541519486374,0.5808856365755368,2.8,1.1,0.67
76,Beverton-Holt,alpha,2.6106292727254727,Ricker,2.62,2.18,3.1,1.001,0.3589451544280133,2.6106292727254727,0.9360541519486374,0.5808856365755368,2.62,1.12,0.71
76,Beverton-Holt,b_for,0.5808856365755368,Ricker,0.71,0.37,1.04,1.002,22.22715717083727,2.6106292727254727,0.9360541519486374,0.5808856365755368,2.62,1.12,0.71
76,Beverton-Holt,sigma,0.9360541519486374,Ricker,1.12,0.92,1.42,1.001,19.65119728045991,2.6106292727254727,0.9360541519486374,0.5808856365755368,2.62,1.12,0.71
77,Beverton-Holt,alpha,2.3574091524795016,Beverton-Holt,3.06,1.57,9.32,1.002,29.80351742426722,2.3574091524795016,1.0067963663728479,-1.060318605755281,3.06,1.03,-1.08
77,Beverton-Holt,b_for,-1.060318605755281,Beverton-Holt,-1.08,-1.41,-0.74,1.001,1.8561773921433549,2.3574091524795016,1.0067963663728479,-1.060318605755281,3.06,1.03,-1.08
77,Beverton-Holt,sigma,1.0067963663728479,Beverton-Holt,1.03,0.85,1.3,1.002,2.3046997786401566,2.3574091524795016,1.0067963663728479,-1.060318605755281,3.06,1.03,-1.08
77,Beverton-Holt,alpha,2.3574091524795016,Ricker,1.67,1.21,2.11,1.003,-29.15951826845548,2.3574091524795016,1.0067963663728479,-1.060318605755281,1.67,0.97,-1.01
77,Beverton-Holt,b_for,-1.060318605755281,Ricker,-1.01,-1.29,-0.69,1.001,-4.74561188327335,2.3574091524795016,1.0067963663728479,-1.060318605755281,1.67,0.97,-1.01
77,Beverton-Holt,sigma,1.0067963663728479,Ricker,0.97,0.79,1.24,1,-3.6547972958437414,2.3574091524795016,1.0067963663728479,-1.060318605755281,1.67,0.97,-1.01
78,Beverton-Holt,alpha,1.6049239398245991,Beverton-Holt,3.94,1.64,9.6,1.005,145.49449990948477,1.6049239398245991,1.0187713928680329,0.525423979646017,3.94,1.04,0.48
78,Beverton-Holt,b_for,0.525423979646017,Beverton-Holt,0.48,0.15,0.84,1.003,-8.645204902261888,1.6049239398245991,1.0187713928680329,0.525423979646017,3.94,1.04,0.48
78,Beverton-Holt,sigma,1.0187713928680329,Beverton-Holt,1.04,0.85,1.31,1.002,2.083745900265677,1.6049239398245991,1.0187713928680329,0.525423979646017,3.94,1.04,0.48
78,Beverton-Holt,alpha,1.6049239398245991,Ricker,1.2,0.69,1.74,1.003,-25.23010155041073,1.6049239398245991,1.0187713928680329,0.525423979646017,1.2,1.15,0.7
78,Beverton-Holt,b_for,0.525423979646017,Ricker,0.7,0.35,1.06,1.001,33.22574285086808,1.6049239398245991,1.0187713928680329,0.525423979646017,1.2,1.15,0.7
78,Beverton-Holt,sigma,1.0187713928680329,Ricker,1.15,0.94,1.45,1,12.88106517817838,1.6049239398245991,1.0187713928680329,0.525423979646017,1.2,1.15,0.7
79,Beverton-Holt,alpha,1.0244224218885103,Beverton-Holt,1.58,0.43,7.72,1.005,54.23325048736138,1.0244224218885103,1.1703377074617483,-1.077436967980576,1.58,1.13,-1.05
79,Beverton-Holt,b_for,-1.077436967980576,Beverton-Holt,-1.05,-1.43,-0.66,1.002,-2.5465033032976985,1.0244224218885103,1.1703377074617483,-1.077436967980576,1.58,1.13,-1.05
79,Beverton-Holt,sigma,1.1703377074617483,Beverton-Holt,1.13,0.92,1.43,1.001,-3.4466724608261647,1.0244224218885103,1.1703377074617483,-1.077436967980576,1.58,1.13,-1.05
79,Beverton-Holt,alpha,1.0244224218885103,Ricker,0.68,0.19,1.21,1.002,-33.62113270164193,1.0244224218885103,1.1703377074617483,-1.077436967980576,0.68,1.21,-0.95
79,Beverton-Holt,b_for,-1.077436967980576,Ricker,-0.95,-1.31,-0.57,1.001,-11.82778870298364,1.0244224218885103,1.1703377074617483,-1.077436967980576,0.68,1.21,-0.95
79,Beverton-Holt,sigma,1.1703377074617483,Ricker,1.21,0.98,1.51,1.001,3.388961347256945,1.0244224218885103,1.1703377074617483,-1.077436967980576,0.68,1.21,-0.95
80,Beverton-Holt,alpha,3.010485917136246,Beverton-Holt,3.68,1.75,9.59,1.004,22.239402584571323,3.010485917136246,0.877372779833635,-0.27461138621389586,3.68,0.98,-0.55
80,Beverton-Holt,b_for,-0.27461138621389586,Beverton-Holt,-0.55,-0.86,-0.2,1.002,100.28302816679384,3.010485917136246,0.877372779833635,-0.27461138621389586,3.68,0.98,-0.55
80,Beverton-Holt,sigma,0.877372779833635,Beverton-Holt,0.98,0.8,1.23,1,11.697105554816146,3.010485917136246,0.877372779833635,-0.27461138621389586,3.68,0.98,-0.55
80,Beverton-Holt,alpha,3.010485917136246,Ricker,1.46,0.93,1.92,1.002,-51.502845713729855,3.010485917136246,0.877372779833635,-0.27461138621389586,1.46,1.08,-0.31
80,Beverton-Holt,b_for,-0.27461138621389586,Ricker,-0.31,-0.64,0.02,1.001,12.886797694011062,3.010485917136246,0.877372779833635,-0.27461138621389586,1.46,1.08,-0.31
80,Beverton-Holt,sigma,0.877372779833635,Ricker,1.08,0.88,1.37,1.002,23.09476938694025,3.010485917136246,0.877372779833635,-0.27461138621389586,1.46,1.08,-0.31
81,Beverton-Holt,alpha,3.08536853056464,Beverton-Holt,3.58,1.88,9.52,1.003,16.031519882807633,3.08536853056464,1.0264097654646636,1.0777078829035012,3.58,1.08,1.03
81,Beverton-Holt,b_for,1.0777078829035012,Beverton-Holt,1.03,0.67,1.4,1.001,-4.426791680781734,3.08536853056464,1.0264097654646636,1.0777078829035012,3.58,1.08,1.03
81,Beverton-Holt,sigma,1.0264097654646636,Beverton-Holt,1.08,0.89,1.37,1,5.221134515519326,3.08536853056464,1.0264097654646636,1.0777078829035012,3.58,1.08,1.03
81,Beverton-Holt,alpha,3.08536853056464,Ricker,1.82,1.3,2.33,1.002,-41.01190888639389,3.08536853056464,1.0264097654646636,1.0777078829035012,1.82,1.15,1.19
81,Beverton-Holt,b_for,1.0777078829035012,Ricker,1.19,0.82,1.53,1.001,10.419531941621095,3.08536853056464,1.0264097654646636,1.0777078829035012,1.82,1.15,1.19
81,Beverton-Holt,sigma,1.0264097654646636,Ricker,1.15,0.94,1.46,1.001,12.041022863747413,3.08536853056464,1.0264097654646636,1.0777078829035012,1.82,1.15,1.19
82,Beverton-Holt,alpha,0.7686620065775902,Beverton-Holt,0.56,0.27,0.86,1.006,-27.146132473314513,0.7686620065775902,0.8537047911772506,-0.6046208165277209,0.56,0.91,-0.72
82,Beverton-Holt,b_for,-0.6046208165277209,Beverton-Holt,-0.72,-1,-0.43,1.006,19.08289961547976,0.7686620065775902,0.8537047911772506,-0.6046208165277209,0.56,0.91,-0.72
82,Beverton-Holt,sigma,0.8537047911772506,Beverton-Holt,0.91,0.74,1.15,1.007,6.594224303827422,0.7686620065775902,0.8537047911772506,-0.6046208165277209,0.56,0.91,-0.72
82,Beverton-Holt,alpha,0.7686620065775902,Ricker,0.64,0.34,0.95,1.004,-16.73843711235945,0.7686620065775902,0.8537047911772506,-0.6046208165277209,0.64,0.93,-0.73
82,Beverton-Holt,b_for,-0.6046208165277209,Ricker,-0.73,-1,-0.45,1.003,20.73682877680587,0.7686620065775902,0.8537047911772506,-0.6046208165277209,0.64,0.93,-0.73
82,Beverton-Holt,sigma,0.8537047911772506,Ricker,0.93,0.76,1.15,1.003,8.936954508307148,0.7686620065775902,0.8537047911772506,-0.6046208165277209,0.64,0.93,-0.73
83,Beverton-Holt,alpha,2.6161736306197163,Beverton-Holt,2.46,1.97,3.08,1,-5.969543794488981,2.6161736306197163,0.8036016580418835,-0.2949686169276013,2.46,0.6,-0.13
83,Beverton-Holt,b_for,-0.2949686169276013,Beverton-Holt,-0.13,-0.33,0.07,1.001,-55.9275148135817,2.6161736306197163,0.8036016580418835,-0.2949686169276013,2.46,0.6,-0.13
83,Beverton-Holt,sigma,0.8036016580418835,Beverton-Holt,0.6,0.49,0.75,1.001,-25.336142105280707,2.6161736306197163,0.8036016580418835,-0.2949686169276013,2.46,0.6,-0.13
83,Beverton-Holt,alpha,2.6161736306197163,Ricker,1.86,1.54,2.16,1,-28.903801405589224,2.6161736306197163,0.8036016580418835,-0.2949686169276013,1.86,0.67,-0.04
83,Beverton-Holt,b_for,-0.2949686169276013,Ricker,-0.04,-0.24,0.18,1.001,-86.43923532725591,2.6161736306197163,0.8036016580418835,-0.2949686169276013,1.86,0.67,-0.04
83,Beverton-Holt,sigma,0.8036016580418835,Ricker,0.67,0.55,0.85,1,-16.625358684230118,2.6161736306197163,0.8036016580418835,-0.2949686169276013,1.86,0.67,-0.04
84,Beverton-Holt,alpha,2.3930382131234933,Beverton-Holt,2.45,1.76,3.48,1.021,2.380312464887804,2.3930382131234933,1.322041383068925,0.11256025083465548,2.45,1.36,-0.08
84,Beverton-Holt,b_for,0.11256025083465548,Beverton-Holt,-0.08,-0.51,0.36,1.006,-171.07304701862773,2.3930382131234933,1.322041383068925,0.11256025083465548,2.45,1.36,-0.08
84,Beverton-Holt,sigma,1.322041383068925,Beverton-Holt,1.36,1.1,1.73,1.002,2.871212461062277,2.3930382131234933,1.322041383068925,0.11256025083465548,2.45,1.36,-0.08
84,Beverton-Holt,alpha,2.3930382131234933,Ricker,2.36,1.81,3.09,1.016,-1.3805969725978828,2.3930382131234933,1.322041383068925,0.11256025083465548,2.36,1.36,-0.05
84,Beverton-Holt,b_for,0.11256025083465548,Ricker,-0.05,-0.47,0.36,1.01,-144.42065438664233,2.3930382131234933,1.322041383068925,0.11256025083465548,2.36,1.36,-0.05
84,Beverton-Holt,sigma,1.322041383068925,Ricker,1.36,1.11,1.71,1.003,2.871212461062277,2.3930382131234933,1.322041383068925,0.11256025083465548,2.36,1.36,-0.05
85,Beverton-Holt,alpha,5.822016778476353,Beverton-Holt,6.87,3.1,9.86,1.001,18.00034698281836,5.822016778476353,0.9014475771421554,0.11312025494200112,6.87,1.06,0.15
85,Beverton-Holt,b_for,0.11312025494200112,Beverton-Holt,0.15,-0.17,0.47,1,32.60224711914574,5.822016778476353,0.9014475771421554,0.11312025494200112,6.87,1.06,0.15
85,Beverton-Holt,sigma,0.9014475771421554,Beverton-Holt,1.06,0.87,1.34,1.001,17.588645959923795,5.822016778476353,0.9014475771421554,0.11312025494200112,6.87,1.06,0.15
85,Beverton-Holt,alpha,5.822016778476353,Ricker,1.3,0.7,1.93,1.002,-77.67096781984515,5.822016778476353,0.9014475771421554,0.11312025494200112,1.3,1.34,0.37
85,Beverton-Holt,b_for,0.11312025494200112,Ricker,0.37,-0.06,0.8,1.001,227.0855428938928,5.822016778476353,0.9014475771421554,0.11312025494200112,1.3,1.34,0.37
85,Beverton-Holt,sigma,0.9014475771421554,Ricker,1.34,1.09,1.71,1.003,48.649797722922536,5.822016778476353,0.9014475771421554,0.11312025494200112,1.3,1.34,0.37
86,Beverton-Holt,alpha,1.0785109517200864,Beverton-Holt,0.86,0.33,1.53,1.003,-20.260429564631632,1.0785109517200864,0.8319558913848202,-0.8957159532989247,0.86,0.8,-0.79
86,Beverton-Holt,b_for,-0.8957159532989247,Beverton-Holt,-0.79,-1.05,-0.52,1.004,-11.802397055626004,1.0785109517200864,0.8319558913848202,-0.8957159532989247,0.86,0.8,-0.79
86,Beverton-Holt,sigma,0.8319558913848202,Beverton-Holt,0.8,0.65,1.01,1.001,-3.841055964112282,1.0785109517200864,0.8319558913848202,-0.8957159532989247,0.86,0.8,-0.79
86,Beverton-Holt,alpha,1.0785109517200864,Ricker,0.61,0.25,0.96,1.006,-43.44053724933174,1.0785109517200864,0.8319558913848202,-0.8957159532989247,0.61,0.81,-0.75
86,Beverton-Holt,b_for,-0.8957159532989247,Ricker,-0.75,-1.02,-0.49,1.001,-16.268098470531022,1.0785109517200864,0.8319558913848202,-0.8957159532989247,0.61,0.81,-0.75
86,Beverton-Holt,sigma,0.8319558913848202,Ricker,0.81,0.66,1.03,1.002,-2.6390691636636845,1.0785109517200864,0.8319558913848202,-0.8957159532989247,0.61,0.81,-0.75
87,Ricker,alpha,1.4823642953475127,Beverton-Holt,1.06,0.75,1.44,1.02,-28.492611207186236,1.4823642953475127,1.4200686213293052,-2.0598236426972845,1.06,1.18,-1.98
87,Ricker,b_for,-2.0598236426972845,Beverton-Holt,-1.98,-2.36,-1.64,1.012,-3.8752658743521136,1.4823642953475127,1.4200686213293052,-2.0598236426972845,1.06,1.18,-1.98
87,Ricker,sigma,1.4200686213293052,Beverton-Holt,1.18,0.98,1.46,1.012,-16.905423986101503,1.4823642953475127,1.4200686213293052,-2.0598236426972845,1.06,1.18,-1.98
87,Ricker,alpha,1.4823642953475127,Ricker,1.3,0.88,1.74,1.005,-12.30225902768123,1.4823642953475127,1.4200686213293052,-2.0598236426972845,1.3,1.21,-2.04
87,Ricker,b_for,-2.0598236426972845,Ricker,-2.04,-2.39,-1.68,1.004,-0.9623951432718721,1.4823642953475127,1.4200686213293052,-2.0598236426972845,1.3,1.21,-2.04
87,Ricker,sigma,1.4200686213293052,Ricker,1.21,0.99,1.54,1.004,-14.792850019646453,1.4823642953475127,1.4200686213293052,-2.0598236426972845,1.3,1.21,-2.04
88,Ricker,alpha,1.6611936746738207,Beverton-Holt,4.28,1.94,9.64,1.002,157.646056883788,1.6611936746738207,0.7148717426705875,0.47409391151057095,4.28,1.03,0.37
88,Ricker,b_for,0.47409391151057095,Beverton-Holt,0.37,0.06,0.7,1,-21.95639070303689,1.6611936746738207,0.7148717426705875,0.47409391151057095,4.28,1.03,0.37
88,Ricker,sigma,0.7148717426705875,Beverton-Holt,1.03,0.85,1.29,1,44.081789574192676,1.6611936746738207,0.7148717426705875,0.47409391151057095,4.28,1.03,0.37
88,Ricker,alpha,1.6611936746738207,Ricker,1.9,1.52,2.26,1.001,14.375585999812415,1.6611936746738207,0.7148717426705875,0.47409391151057095,1.9,0.83,0.42
88,Ricker,b_for,0.47409391151057095,Ricker,0.42,0.17,0.68,1,-11.409957014258097,1.6611936746738207,0.7148717426705875,0.47409391151057095,1.9,0.83,0.42
88,Ricker,sigma,0.7148717426705875,Ricker,0.83,0.67,1.04,1,16.10474305493195,1.6611936746738207,0.7148717426705875,0.47409391151057095,1.9,0.83,0.42
89,Ricker,alpha,1.2298118270221607,Beverton-Holt,2.39,1.18,8.81,1.008,94.33867421710308,1.2298118270221607,1.0112187717089807,-0.8801004782554729,2.39,1.09,-0.94
89,Ricker,b_for,-0.8801004782554729,Beverton-Holt,-0.94,-1.28,-0.59,1,6.80598672815851,1.2298118270221607,1.0112187717089807,-0.8801004782554729,2.39,1.09,-0.94
89,Ricker,sigma,1.0112187717089807,Beverton-Holt,1.09,0.88,1.38,1.002,7.790720514204607,1.2298118270221607,1.0112187717089807,-0.8801004782554729,2.39,1.09,-0.94
89,Ricker,alpha,1.2298118270221607,Ricker,1.32,0.85,1.82,1.001,7.333493709864459,1.2298118270221607,1.0112187717089807,-0.8801004782554729,1.32,1.06,-0.88
89,Ricker,b_for,-0.8801004782554729,Ricker,-0.88,-1.22,-0.55,1.002,-0.011416680021813772,1.2298118270221607,1.0112187717089807,-0.8801004782554729,1.32,1.06,-0.88
89,Ricker,sigma,1.0112187717089807,Ricker,1.06,0.86,1.35,1.001,4.824003435832001,1.2298118270221607,1.0112187717089807,-0.8801004782554729,1.32,1.06,-0.88
90,Ricker,alpha,2.5554295154154065,Beverton-Holt,5.16,1.75,9.76,1.003,101.92300233180953,2.5554295154154065,0.9761869333744229,-1.7387761316946622,5.16,1.81,-1.25
90,Ricker,b_for,-1.7387761316946622,Beverton-Holt,-1.25,-1.78,-0.71,1,-28.110354334015767,2.5554295154154065,0.9761869333744229,-1.7387761316946622,5.16,1.81,-1.25
90,Ricker,sigma,0.9761869333744229,Beverton-Holt,1.81,1.48,2.28,1.002,85.41530706043191,2.5554295154154065,0.9761869333744229,-1.7387761316946622,5.16,1.81,-1.25
90,Ricker,alpha,2.5554295154154065,Ricker,2.62,2.19,3.05,1.002,2.526795757624217,2.5554295154154065,0.9761869333744229,-1.7387761316946622,2.62,0.97,-1.55
90,Ricker,b_for,-1.7387761316946622,Ricker,-1.55,-1.85,-1.24,1.002,-10.856839374179549,2.5554295154154065,0.9761869333744229,-1.7387761316946622,2.62,0.97,-1.55
90,Ricker,sigma,0.9761869333744229,Ricker,0.97,0.79,1.22,1,-0.6337857189950573,2.5554295154154065,0.9761869333744229,-1.7387761316946622,2.62,0.97,-1.55
91,Ricker,alpha,0.8186845106848943,Beverton-Holt,5.3,0.4,9.73,1.002,547.3800262284345,0.8186845106848943,1.2515168965471473,0.7402256053619753,5.3,11.38,0.84
91,Ricker,b_for,0.7402256053619753,Beverton-Holt,0.84,-0.94,2.44,1.011,13.478916956572215,0.8186845106848943,1.2515168965471473,0.7402256053619753,5.3,11.38,0.84
91,Ricker,sigma,1.2515168965471473,Beverton-Holt,11.38,9.08,14.95,1.007,809.2965529587873,0.8186845106848943,1.2515168965471473,0.7402256053619753,5.3,11.38,0.84
91,Ricker,alpha,0.8186845106848943,Ricker,1.35,0.76,1.94,1.001,64.89868592611069,0.8186845106848943,1.2515168965471473,0.7402256053619753,1.35,1.33,0.58
91,Ricker,b_for,0.7402256053619753,Ricker,0.58,0.19,0.99,1.001,-21.645509720462044,0.8186845106848943,1.2515168965471473,0.7402256053619753,1.35,1.33,0.58
91,Ricker,sigma,1.2515168965471473,Ricker,1.33,1.08,1.68,1,6.271038263197447,0.8186845106848943,1.2515168965471473,0.7402256053619753,1.35,1.33,0.58
92,Ricker,alpha,0.25212247103940544,Beverton-Holt,0.91,0.24,1.99,1.001,260.93569773785526,0.25212247103940544,0.8748952847813749,1.023650657821913,0.91,0.94,0.92
92,Ricker,b_for,1.023650657821913,Beverton-Holt,0.92,0.6,1.23,1.001,-10.125588942858396,0.25212247103940544,0.8748952847813749,1.023650657821913,0.91,0.94,0.92
92,Ricker,sigma,0.8748952847813749,Beverton-Holt,0.94,0.77,1.2,1.001,7.441429431739808,0.25212247103940544,0.8748952847813749,1.023650657821913,0.91,0.94,0.92
92,Ricker,alpha,0.25212247103940544,Ricker,0.49,0.11,0.88,1.003,94.34999108961435,0.25212247103940544,0.8748952847813749,1.023650657821913,0.49,0.9,0.95
92,Ricker,b_for,1.023650657821913,Ricker,0.95,0.69,1.22,1.001,-7.1949016257777005,0.25212247103940544,0.8748952847813749,1.023650657821913,0.49,0.9,0.95
92,Ricker,sigma,0.8748952847813749,Ricker,0.9,0.74,1.13,0.999,2.8694537112402503,0.25212247103940544,0.8748952847813749,1.023650657821913,0.49,0.9,0.95
93,Ricker,alpha,2.4861073777726426,Beverton-Holt,0.65,0.11,1.47,1.005,-73.85470934154304,2.4861073777726426,1.604205491493438,-1.9721285241733237,0.65,2.87,-1.34
93,Ricker,b_for,-1.9721285241733237,Beverton-Holt,-1.34,-2.11,-0.56,1.007,-32.053109948211876,2.4861073777726426,1.604205491493438,-1.9721285241733237,0.65,2.87,-1.34
93,Ricker,sigma,1.604205491493438,Beverton-Holt,2.87,2.36,3.58,1.017,78.90476096850712,2.4861073777726426,1.604205491493438,-1.9721285241733237,0.65,2.87,-1.34
93,Ricker,alpha,2.4861073777726426,Ricker,2.83,1.96,3.72,1.001,13.832573174512614,2.4861073777726426,1.604205491493438,-1.9721285241733237,2.83,1.96,-2.08
93,Ricker,b_for,-1.9721285241733237,Ricker,-2.08,-2.66,-1.45,1,5.46979948337261,2.4861073777726426,1.604205491493438,-1.9721285241733237,2.83,1.96,-2.08
93,Ricker,sigma,1.604205491493438,Ricker,1.96,1.59,2.48,1.001,22.178861149224367,2.4861073777726426,1.604205491493438,-1.9721285241733237,2.83,1.96,-2.08
94,Ricker,alpha,1.631835172054498,Beverton-Holt,1.12,0.63,1.56,1.078,-31.365617117450157,1.631835172054498,0.996321609469083,-1.5471895587623168,1.12,1.38,-1.29
94,Ricker,b_for,-1.5471895587623168,Beverton-Holt,-1.29,-1.61,-0.91,1.017,-16.62301540918212,1.631835172054498,0.996321609469083,-1.5471895587623168,1.12,1.38,-1.29
94,Ricker,sigma,0.996321609469083,Beverton-Holt,1.38,1.14,1.74,1.072,38.509492003829,1.631835172054498,0.996321609469083,-1.5471895587623168,1.12,1.38,-1.29
94,Ricker,alpha,1.631835172054498,Ricker,1.81,1.28,2.36,1.001,10.918065194120723,1.631835172054498,0.996321609469083,-1.5471895587623168,1.81,1.2,-1.49
94,Ricker,b_for,-1.5471895587623168,Ricker,-1.49,-1.86,-1.13,1,-3.6963511315359385,1.631835172054498,0.996321609469083,-1.5471895587623168,1.81,1.2,-1.49
94,Ricker,sigma,0.996321609469083,Ricker,1.2,0.97,1.51,1.001,20.4430365250687,1.631835172054498,0.996321609469083,-1.5471895587623168,1.81,1.2,-1.49
95,Ricker,alpha,4.34405431806599,Beverton-Holt,4.99,4.23,6.54,1.004,14.869650207817621,4.34405431806599,0.6043277519654264,2.115666367139146,4.99,0.93,2.13
95,Ricker,b_for,2.115666367139146,Beverton-Holt,2.13,1.83,2.43,1.001,0.6774996796983814,4.34405431806599,0.6043277519654264,2.115666367139146,4.99,0.93,2.13
95,Ricker,sigma,0.6043277519654264,Beverton-Holt,0.93,0.75,1.18,1.001,53.890003723212324,4.34405431806599,0.6043277519654264,2.115666367139146,4.99,0.93,2.13
95,Ricker,alpha,4.34405431806599,Ricker,4.52,4.19,4.87,1.002,4.050264316500116,4.34405431806599,0.6043277519654264,2.115666367139146,4.52,0.75,2.14
95,Ricker,b_for,2.115666367139146,Ricker,2.14,1.9,2.37,1.001,1.1501639974434552,4.34405431806599,0.6043277519654264,2.115666367139146,4.52,0.75,2.14
95,Ricker,sigma,0.6043277519654264,Ricker,0.75,0.61,0.95,1.001,24.104841712267994,4.34405431806599,0.6043277519654264,2.115666367139146,4.52,0.75,2.14
96,Ricker,alpha,3.310986159368181,Beverton-Holt,3.56,2.91,4.49,1.002,7.52083604841577,3.310986159368181,0.999174623169742,0.2218616856565928,3.56,1.05,0.14
96,Ricker,b_for,0.2218616856565928,Beverton-Holt,0.14,-0.21,0.47,1.001,-36.89762178373687,3.310986159368181,0.999174623169742,0.2218616856565928,3.56,1.05,0.14
96,Ricker,sigma,0.999174623169742,Beverton-Holt,1.05,0.85,1.33,1.001,5.086736157191582,3.310986159368181,0.999174623169742,0.2218616856565928,3.56,1.05,0.14
96,Ricker,alpha,3.310986159368181,Ricker,3.38,2.93,3.83,1.003,2.084389281922833,3.310986159368181,0.999174623169742,0.2218616856565928,3.38,1.01,0.15
96,Ricker,b_for,0.2218616856565928,Ricker,0.15,-0.17,0.47,1.001,-32.390309054003794,3.310986159368181,0.999174623169742,0.2218616856565928,3.38,1.01,0.15
96,Ricker,sigma,0.999174623169742,Ricker,1.01,0.83,1.29,1,1.0834319226318994,3.310986159368181,0.999174623169742,0.2218616856565928,3.38,1.01,0.15
97,Ricker,alpha,0.028772195889851915,Beverton-Holt,3.13,0.19,9.57,1.002,10778.557938304477,0.028772195889851915,1.1636260794130666,0.25437993957528593,3.13,1.36,-0.25
97,Ricker,b_for,0.25437993957528593,Beverton-Holt,-0.25,-0.67,0.18,1.001,-198.27818986725183,0.028772195889851915,1.1636260794130666,0.25437993957528593,3.13,1.36,-0.25
97,Ricker,sigma,1.1636260794130666,Beverton-Holt,1.36,1.12,1.72,1,16.876032950893,0.028772195889851915,1.1636260794130666,0.25437993957528593,3.13,1.36,-0.25
97,Ricker,alpha,0.028772195889851915,Ricker,0.31,0.02,0.84,1.001,977.4290609822326,0.028772195889851915,1.1636260794130666,0.25437993957528593,0.31,1.21,-0.2
97,Ricker,b_for,0.25437993957528593,Ricker,-0.2,-0.57,0.17,1.001,-178.6225518938015,0.028772195889851915,1.1636260794130666,0.25437993957528593,0.31,1.21,-0.2
97,Ricker,sigma,1.1636260794130666,Ricker,1.21,0.99,1.53,1.002,3.9852940224856743,0.028772195889851915,1.1636260794130666,0.25437993957528593,0.31,1.21,-0.2
98,Ricker,alpha,1.6870533104009398,Beverton-Holt,4.73,1.44,9.66,1,180.37051175791734,1.6870533104009398,1.0946933747334215,1.1305178401366023,4.73,1.46,1.13
98,Ricker,b_for,1.1305178401366023,Beverton-Holt,1.13,0.69,1.56,1.001,-0.04580556964406827,1.6870533104009398,1.0946933747334215,1.1305178401366023,4.73,1.46,1.13
98,Ricker,sigma,1.0946933747334215,Beverton-Holt,1.46,1.19,1.85,1,33.37068020125156,1.6870533104009398,1.0946933747334215,1.1305178401366023,4.73,1.46,1.13
98,Ricker,alpha,1.6870533104009398,Ricker,1.74,1.25,2.24,1,3.1384123591492847,1.6870533104009398,1.0946933747334215,1.1305178401366023,1.74,1.1,1.11
98,Ricker,b_for,1.1305178401366023,Ricker,1.11,0.74,1.45,1,-1.8149063560220315,1.6870533104009398,1.0946933747334215,1.1305178401366023,1.74,1.1,1.11
98,Ricker,sigma,1.0946933747334215,Ricker,1.1,0.91,1.38,1,0.48475905573748534,1.6870533104009398,1.0946933747334215,1.1305178401366023,1.74,1.1,1.11
99,Ricker,alpha,1.5876556888035773,Beverton-Holt,1.07,0.75,1.53,1.03,-32.60503473480899,1.5876556888035773,1.1404253860447764,-1.937899298714968,1.07,1.1,-1.56
99,Ricker,b_for,-1.937899298714968,Beverton-Holt,-1.56,-1.89,-1.24,1.074,-19.500461090292724,1.5876556888035773,1.1404253860447764,-1.937899298714968,1.07,1.1,-1.56
99,Ricker,sigma,1.1404253860447764,Beverton-Holt,1.1,0.9,1.38,1.114,-3.544763781958558,1.5876556888035773,1.1404253860447764,-1.937899298714968,1.07,1.1,-1.56
99,Ricker,alpha,1.5876556888035773,Ricker,1.29,0.91,1.75,1.01,-18.74812598869495,1.5876556888035773,1.1404253860447764,-1.937899298714968,1.29,1.1,-1.6
99,Ricker,b_for,-1.937899298714968,Ricker,-1.6,-1.92,-1.26,1.003,-17.436370349018176,1.5876556888035773,1.1404253860447764,-1.937899298714968,1.29,1.1,-1.6
99,Ricker,sigma,1.1404253860447764,Ricker,1.1,0.89,1.39,1.004,-3.544763781958558,1.5876556888035773,1.1404253860447764,-1.937899298714968,1.29,1.1,-1.6
100,Ricker,alpha,2.6534594376943224,Beverton-Holt,5.33,3.02,9.7,1.003,100.86985028990726,2.6534594376943224,0.49521407450503196,0.14257046779058608,5.33,0.91,0.19
100,Ricker,b_for,0.14257046779058608,Beverton-Holt,0.19,-0.1,0.47,1,33.26743114785915,2.6534594376943224,0.49521407450503196,0.14257046779058608,5.33,0.91,0.19
100,Ricker,sigma,0.49521407450503196,Beverton-Holt,0.91,0.74,1.15,1.002,83.7589129326641,2.6534594376943224,0.49521407450503196,0.14257046779058608,5.33,0.91,0.19
100,Ricker,alpha,2.6534594376943224,Ricker,2.7,2.53,2.88,1.001,1.7539579329736594,2.6534594376943224,0.49521407450503196,0.14257046779058608,2.7,0.39,0.17
100,Ricker,b_for,0.14257046779058608,Ricker,0.17,0.04,0.29,1,19.239280500716088,2.6534594376943224,0.49521407450503196,0.14257046779058608,2.7,0.39,0.17
100,Ricker,sigma,0.49521407450503196,Ricker,0.39,0.32,0.49,1,-21.246180171715384,2.6534594376943224,0.49521407450503196,0.14257046779058608,2.7,0.39,0.17
101,Ricker,alpha,1.7107037016131392,Beverton-Holt,1.49,1.09,2.06,1.024,-12.901340039483323,1.7107037016131392,0.8768229821896016,-0.6647066644616415,1.49,1.06,-0.49
101,Ricker,b_for,-0.6647066644616415,Beverton-Holt,-0.49,-0.81,-0.17,1.008,-26.283272577557163,1.7107037016131392,0.8768229821896016,-0.6647066644616415,1.49,1.06,-0.49
101,Ricker,sigma,0.8768229821896016,Beverton-Holt,1.06,0.87,1.33,1.006,20.890991857098555,1.7107037016131392,0.8768229821896016,-0.6647066644616415,1.49,1.06,-0.49
101,Ricker,alpha,1.7107037016131392,Ricker,1.54,1.16,1.98,1.003,-9.978566215304907,1.7107037016131392,0.8768229821896016,-0.6647066644616415,1.54,1.07,-0.51
101,Ricker,b_for,-0.6647066644616415,Ricker,-0.51,-0.83,-0.18,1.004,-23.27442656031459,1.7107037016131392,0.8768229821896016,-0.6647066644616415,1.54,1.07,-0.51
101,Ricker,sigma,0.8768229821896016,Ricker,1.07,0.87,1.34,1.005,22.031472912354207,1.7107037016131392,0.8768229821896016,-0.6647066644616415,1.54,1.07,-0.51
102,Ricker,alpha,0.5226620444333954,Beverton-Holt,0.25,0.03,0.66,1.014,-52.16794434135376,0.5226620444333954,1.2659502840063357,-1.1365802556891778,0.25,1.21,-1.31
102,Ricker,b_for,-1.1365802556891778,Beverton-Holt,-1.31,-1.7,-0.94,1.019,15.258028937487335,0.5226620444333954,1.2659502840063357,-1.1365802556891778,0.25,1.21,-1.31
102,Ricker,sigma,1.2659502840063357,Beverton-Holt,1.21,0.99,1.5,1.013,-4.419627272349955,0.5226620444333954,1.2659502840063357,-1.1365802556891778,0.25,1.21,-1.31
102,Ricker,alpha,0.5226620444333954,Ricker,0.56,0.14,1.05,1.004,7.143804675367582,0.5226620444333954,1.2659502840063357,-1.1365802556891778,0.56,1.18,-1.42
102,Ricker,b_for,-1.1365802556891778,Ricker,-1.42,-1.76,-1.05,1.008,24.936184039108397,0.5226620444333954,1.2659502840063357,-1.1365802556891778,0.56,1.18,-1.42
102,Ricker,sigma,1.2659502840063357,Ricker,1.18,0.96,1.5,1.003,-6.789388579647066,0.5226620444333954,1.2659502840063357,-1.1365802556891778,0.56,1.18,-1.42
103,Ricker,alpha,4.195174091206715,Beverton-Holt,5.11,3.86,9.49,1.003,21.806625634697838,4.195174091206715,1.130934605782153,-1.686728698539526,5.11,1.13,-1.84
103,Ricker,b_for,-1.686728698539526,Beverton-Holt,-1.84,-2.2,-1.46,1.002,9.086897115889819,4.195174091206715,1.130934605782153,-1.686728698539526,5.11,1.13,-1.84
103,Ricker,sigma,1.130934605782153,Beverton-Holt,1.13,0.92,1.44,1,-0.08264012590778624,4.195174091206715,1.130934605782153,-1.686728698539526,5.11,1.13,-1.84
103,Ricker,alpha,4.195174091206715,Ricker,4.27,3.86,4.7,1,1.7836186810488615,4.195174091206715,1.130934605782153,-1.686728698539526,4.27,0.94,-1.87
103,Ricker,b_for,-1.686728698539526,Ricker,-1.87,-2.17,-1.57,1,10.86548782973585,4.195174091206715,1.130934605782153,-1.686728698539526,4.27,0.94,-1.87
103,Ricker,sigma,1.130934605782153,Ricker,0.94,0.77,1.19,1,-16.882904175533906,4.195174091206715,1.130934605782153,-1.686728698539526,4.27,0.94,-1.87
104,Ricker,alpha,5.935776147877279,Beverton-Holt,5.07,4.58,5.58,1.003,-14.585727734811782,5.935776147877279,1.48272210360328,-0.08751575830946066,5.07,1.6,-0.07
104,Ricker,b_for,-0.08751575830946066,Beverton-Holt,-0.07,-0.54,0.4,1.005,-20.014405002952664,5.935776147877279,1.48272210360328,-0.08751575830946066,5.07,1.6,-0.07
104,Ricker,sigma,1.48272210360328,Beverton-Holt,1.6,1.31,2.03,1.003,7.909634321341387,5.935776147877279,1.48272210360328,-0.08751575830946066,5.07,1.6,-0.07
104,Ricker,alpha,5.935776147877279,Ricker,5.39,4.83,6.05,1.01,-9.194688854168751,5.935776147877279,1.48272210360328,-0.08751575830946066,5.39,1.6,-0.15
104,Ricker,b_for,-0.08751575830946066,Ricker,-0.15,-0.63,0.32,1.002,71.39770356510141,5.935776147877279,1.48272210360328,-0.08751575830946066,5.39,1.6,-0.15
104,Ricker,sigma,1.48272210360328,Ricker,1.6,1.31,2.02,1.003,7.909634321341387,5.935776147877279,1.48272210360328,-0.08751575830946066,5.39,1.6,-0.15
105,Ricker,alpha,2.4420853120000996,Beverton-Holt,0.38,0.02,5.38,1.307,-84.43952804872427,2.4420853120000996,1.214253190878059,-2.2746414253101044,0.38,14.16,0.06
105,Ricker,b_for,-2.2746414253101044,Beverton-Holt,0.06,-1.75,1.85,1.011,-102.6377783914588,2.4420853120000996,1.214253190878059,-2.2746414253101044,0.38,14.16,0.06
105,Ricker,sigma,1.214253190878059,Beverton-Holt,14.16,11.44,17.73,1.026,1066.1488811703698,2.4420853120000996,1.214253190878059,-2.2746414253101044,0.38,14.16,0.06
105,Ricker,alpha,2.4420853120000996,Ricker,2.39,1.81,2.99,1.002,-2.1328211485552453,2.4420853120000996,1.214253190878059,-2.2746414253101044,2.39,1.3,-2.5
105,Ricker,b_for,-2.2746414253101044,Ricker,-2.5,-2.9,-2.09,1.001,9.90743297744928,2.4420853120000996,1.214253190878059,-2.2746414253101044,2.39,1.3,-2.5
105,Ricker,sigma,1.214253190878059,Ricker,1.3,1.06,1.65,1,7.061691067901193,2.4420853120000996,1.214253190878059,-2.2746414253101044,2.39,1.3,-2.5
106,Ricker,alpha,3.783587577532481,Beverton-Holt,3.27,2.56,4.35,1.033,-13.574089855412424,3.783587577532481,1.2886302530053224,-0.5314989308347061,3.27,1.46,-0.42
106,Ricker,b_for,-0.5314989308347061,Beverton-Holt,-0.42,-0.88,0.05,1.007,-20.9782041630074,3.783587577532481,1.2886302530053224,-0.5314989308347061,3.27,1.46,-0.42
106,Ricker,sigma,1.2886302530053224,Beverton-Holt,1.46,1.18,1.84,1.016,13.298597219412772,3.783587577532481,1.2886302530053224,-0.5314989308347061,3.27,1.46,-0.42
106,Ricker,alpha,3.783587577532481,Ricker,3.57,2.99,4.19,1.002,-5.645107273340173,3.783587577532481,1.2886302530053224,-0.5314989308347061,3.57,1.42,-0.5
106,Ricker,b_for,-0.5314989308347061,Ricker,-0.5,-0.94,-0.05,1.001,-5.926433527389757,3.783587577532481,1.2886302530053224,-0.5314989308347061,3.57,1.42,-0.5
106,Ricker,sigma,1.2886302530053224,Ricker,1.42,1.16,1.8,1,10.194526062716527,3.783587577532481,1.2886302530053224,-0.5314989308347061,3.57,1.42,-0.5
107,Ricker,alpha,3.677230669580138,Beverton-Holt,3.43,3.17,3.62,1.032,-6.723284226506414,3.677230669580138,0.7517625720546087,-1.753675904853403,3.43,0.8,-1.66
107,Ricker,b_for,-1.753675904853403,Beverton-Holt,-1.66,-1.88,-1.4,1.04,-5.341688540861477,3.677230669580138,0.7517625720546087,-1.753675904853403,3.43,0.8,-1.66
107,Ricker,sigma,0.7517625720546087,Beverton-Holt,0.8,0.65,1.03,1.028,6.416577485835157,3.677230669580138,0.7517625720546087,-1.753675904853403,3.43,0.8,-1.66
107,Ricker,alpha,3.677230669580138,Ricker,3.72,3.4,4.06,1.002,1.1630853286869212,3.677230669580138,0.7517625720546087,-1.753675904853403,3.72,0.78,-1.72
107,Ricker,b_for,-1.753675904853403,Ricker,-1.72,-1.98,-1.48,1.002,-1.9203037893263466,3.677230669580138,0.7517625720546087,-1.753675904853403,3.72,0.78,-1.72
107,Ricker,sigma,0.7517625720546087,Ricker,0.78,0.63,0.97,1.003,3.7561630486892756,3.677230669580138,0.7517625720546087,-1.753675904853403,3.72,0.78,-1.72
108,Ricker,alpha,4.831351786670709,Beverton-Holt,4.85,4.65,5.08,1.004,0.3859833469535326,4.831351786670709,0.42212332084819126,0.32009602620651517,4.85,0.42,0.31
108,Ricker,b_for,0.32009602620651517,Beverton-Holt,0.31,0.18,0.44,1.001,-3.154061712719157,4.831351786670709,0.42212332084819126,0.32009602620651517,4.85,0.42,0.31
108,Ricker,sigma,0.42212332084819126,Beverton-Holt,0.42,0.35,0.53,1.001,-0.5030096048531021,4.831351786670709,0.42212332084819126,0.32009602620651517,4.85,0.42,0.31
108,Ricker,alpha,4.831351786670709,Ricker,4.85,4.67,5.02,1.005,0.3859833469535326,4.831351786670709,0.42212332084819126,0.32009602620651517,4.85,0.42,0.31
108,Ricker,b_for,0.32009602620651517,Ricker,0.31,0.18,0.44,1,-3.154061712719157,4.831351786670709,0.42212332084819126,0.32009602620651517,4.85,0.42,0.31
108,Ricker,sigma,0.42212332084819126,Ricker,0.42,0.34,0.53,1.002,-0.5030096048531021,4.831351786670709,0.42212332084819126,0.32009602620651517,4.85,0.42,0.31
109,Ricker,alpha,1.192760659310955,Beverton-Holt,5,0.36,9.72,1.001,319.1955830341056,1.192760659310955,0.8852531053341453,0.11873884714822536,5,7.46,0.85
109,Ricker,b_for,0.11873884714822536,Beverton-Holt,0.85,-0.62,2.27,1.004,615.856706052501,1.192760659310955,0.8852531053341453,0.11873884714822536,5,7.46,0.85
109,Ricker,sigma,0.8852531053341453,Beverton-Holt,7.46,6,9.55,1.009,742.6968462521426,1.192760659310955,0.8852531053341453,0.11873884714822536,5,7.46,0.85
109,Ricker,alpha,1.192760659310955,Ricker,0.96,0.55,1.4,1.002,-19.514448057451723,1.192760659310955,0.8852531053341453,0.11873884714822536,0.96,0.97,0.08
109,Ricker,b_for,0.11873884714822536,Ricker,0.08,-0.23,0.39,1,-32.62525119505874,1.192760659310955,0.8852531053341453,0.11873884714822536,0.96,0.97,0.08
109,Ricker,sigma,0.8852531053341453,Ricker,0.97,0.79,1.22,1,9.57318242152524,1.192760659310955,0.8852531053341453,0.11873884714822536,0.96,0.97,0.08
110,Ricker,alpha,2.4014582615999482,Beverton-Holt,5.06,0.26,9.64,1.003,110.70530689252222,2.4014582615999482,1.035423767637053,0.6925939354108017,5.06,8.93,1.05
110,Ricker,b_for,0.6925939354108017,Beverton-Holt,1.05,-0.6,2.58,1.002,51.60398414075172,2.4014582615999482,1.035423767637053,0.6925939354108017,5.06,8.93,1.05
110,Ricker,sigma,1.035423767637053,Beverton-Holt,8.93,7.08,11.73,1.022,762.4488136272174,2.4014582615999482,1.035423767637053,0.6925939354108017,5.06,8.93,1.05
110,Ricker,alpha,2.4014582615999482,Ricker,2.04,1.55,2.53,1.002,-15.051615403014756,2.4014582615999482,1.035423767637053,0.6925939354108017,2.04,1.09,0.78
110,Ricker,b_for,0.6925939354108017,Ricker,0.78,0.44,1.11,1,12.620102504558421,2.4014582615999482,1.035423767637053,0.6925939354108017,2.04,1.09,0.78
110,Ricker,sigma,1.035423767637053,Ricker,1.09,0.9,1.39,1.001,5.270907822359131,2.4014582615999482,1.035423767637053,0.6925939354108017,2.04,1.09,0.78
111,Ricker,alpha,2.078899186870328,Beverton-Holt,4.71,0.15,9.75,1.007,126.56221281661351,2.078899186870328,1.2849443375448044,0.8838860134792479,4.71,18.07,0.63
111,Ricker,b_for,0.8838860134792479,Beverton-Holt,0.63,-1.21,2.42,1.002,-28.723841039171358,2.078899186870328,1.2849443375448044,0.8838860134792479,4.71,18.07,0.63
111,Ricker,sigma,1.2849443375448044,Beverton-Holt,18.07,14.64,22.71,1.009,1306.2865971709784,2.078899186870328,1.2849443375448044,0.8838860134792479,4.71,18.07,0.63
111,Ricker,alpha,2.078899186870328,Ricker,1.71,1.16,2.24,1,-17.744929104796373,2.078899186870328,1.2849443375448044,0.8838860134792479,1.71,1.23,0.88
111,Ricker,b_for,0.8838860134792479,Ricker,0.88,0.5,1.26,1,-0.4396509753504683,2.078899186870328,1.2849443375448044,0.8838860134792479,1.71,1.23,0.88
111,Ricker,sigma,1.2849443375448044,Ricker,1.23,1,1.55,1,-4.27600915770319,2.078899186870328,1.2849443375448044,0.8838860134792479,1.71,1.23,0.88
112,Ricker,alpha,3.6051661032150775,Beverton-Holt,5.58,2.97,9.73,1.003,54.77788929125266,3.6051661032150775,1.3030444224454145,-0.9315072362781003,5.58,1.58,-0.87
112,Ricker,b_for,-0.9315072362781003,Beverton-Holt,-0.87,-1.34,-0.38,1,-6.602979975105355,3.6051661032150775,1.3030444224454145,-0.9315072362781003,5.58,1.58,-0.87
112,Ricker,sigma,1.3030444224454145,Beverton-Holt,1.58,1.3,2,1.001,21.254500060314516,3.6051661032150775,1.3030444224454145,-0.9315072362781003,5.58,1.58,-0.87
112,Ricker,alpha,3.6051661032150775,Ricker,3.42,2.85,4.02,1.001,-5.136132369877408,3.6051661032150775,1.3030444224454145,-0.9315072362781003,3.42,1.29,-0.95
112,Ricker,b_for,-0.9315072362781003,Ricker,-0.95,-1.36,-0.55,1.002,1.9852517513217347,3.6051661032150775,1.3030444224454145,-0.9315072362781003,3.42,1.29,-0.95
112,Ricker,sigma,1.3030444224454145,Ricker,1.29,1.05,1.63,1,-1.001072735565999,3.6051661032150775,1.3030444224454145,-0.9315072362781003,3.42,1.29,-0.95
113,Ricker,alpha,1.5341787827661943,Beverton-Holt,5.34,0.59,9.77,0.999,248.06895128426535,1.5341787827661943,0.705657925680746,-0.04459365041208019,5.34,2.6,0.48
113,Ricker,b_for,-0.04459365041208019,Beverton-Holt,0.48,-0.26,1.19,1,-1176.386426238769,1.5341787827661943,0.705657925680746,-0.04459365041208019,5.34,2.6,0.48
113,Ricker,sigma,0.705657925680746,Beverton-Holt,2.6,2.13,3.27,1,268.4504779694479,1.5341787827661943,0.705657925680746,-0.04459365041208019,5.34,2.6,0.48
113,Ricker,alpha,1.5341787827661943,Ricker,1.43,1.04,1.81,1.001,-6.790524281554416,1.5341787827661943,0.705657925680746,-0.04459365041208019,1.43,0.86,0
113,Ricker,b_for,-0.04459365041208019,Ricker,0,-0.27,0.27,1,-99.99999999999999,1.5341787827661943,0.705657925680746,-0.04459365041208019,1.43,0.86,0
113,Ricker,sigma,0.705657925680746,Ricker,0.86,0.71,1.09,1.001,21.87208117450968,1.5341787827661943,0.705657925680746,-0.04459365041208019,1.43,0.86,0
114,Ricker,alpha,0.5301473703091393,Beverton-Holt,5.08,0.26,9.7,1.001,858.2241249329885,0.5301473703091393,1.0172185499375421,-1.4288896706491883,5.08,6.79,0.18
114,Ricker,b_for,-1.4288896706491883,Beverton-Holt,0.18,-1.23,1.59,1.003,-112.5971937300254,0.5301473703091393,1.0172185499375421,-1.4288896706491883,5.08,6.79,0.18
114,Ricker,sigma,1.0172185499375421,Beverton-Holt,6.79,5.42,8.81,1.003,567.5065058946192,0.5301473703091393,1.0172185499375421,-1.4288896706491883,5.08,6.79,0.18
114,Ricker,alpha,0.5301473703091393,Ricker,0.46,0.05,0.93,1,-13.231673726540407,0.5301473703091393,1.0172185499375421,-1.4288896706491883,0.46,1.07,-1.26
114,Ricker,b_for,-1.4288896706491883,Ricker,-1.26,-1.59,-0.92,1,-11.819643889822263,0.5301473703091393,1.0172185499375421,-1.4288896706491883,0.46,1.07,-1.26
114,Ricker,sigma,1.0172185499375421,Ricker,1.07,0.87,1.35,1.002,5.188801370727927,0.5301473703091393,1.0172185499375421,-1.4288896706491883,0.46,1.07,-1.26
115,Ricker,alpha,3.1238570915741333,Beverton-Holt,5.6,1.18,9.81,1.001,79.26556291914495,3.1238570915741333,1.1819751372473404,0.5871650379768281,5.6,3.15,1.11
115,Ricker,b_for,0.5871650379768281,Beverton-Holt,1.11,0.23,1.94,1.001,89.04395326817897,3.1238570915741333,1.1819751372473404,0.5871650379768281,5.6,3.15,1.11
115,Ricker,sigma,1.1819751372473404,Beverton-Holt,3.15,2.56,4.04,1,166.50306768177225,3.1238570915741333,1.1819751372473404,0.5871650379768281,5.6,3.15,1.11
115,Ricker,alpha,3.1238570915741333,Ricker,3.08,2.56,3.58,1,-1.403940394470264,3.1238570915741333,1.1819751372473404,0.5871650379768281,3.08,1.15,0.65
115,Ricker,b_for,0.5871650379768281,Ricker,0.65,0.29,1.01,1,10.701414075960647,3.1238570915741333,1.1819751372473404,0.5871650379768281,3.08,1.15,0.65
115,Ricker,sigma,1.1819751372473404,Ricker,1.15,0.93,1.46,1.001,-2.7052292590355345,3.1238570915741333,1.1819751372473404,0.5871650379768281,3.08,1.15,0.65
116,Ricker,alpha,1.2145987574511028,Beverton-Holt,5.36,0.76,9.72,1,341.29799796998253,1.2145987574511028,1.1148164508176834,0.4767639659483433,5.36,2.16,0.51
116,Ricker,b_for,0.4767639659483433,Beverton-Holt,0.51,-0.13,1.13,1.001,6.971171570306507,1.2145987574511028,1.1148164508176834,0.4767639659483433,5.36,2.16,0.51
116,Ricker,sigma,1.1148164508176834,Beverton-Holt,2.16,1.76,2.71,1.002,93.75386848801045,1.2145987574511028,1.1148164508176834,0.4767639659483433,5.36,2.16,0.51
116,Ricker,alpha,1.2145987574511028,Ricker,1.4,0.93,1.86,1,15.264402454846161,1.2145987574511028,1.1148164508176834,0.4767639659483433,1.4,1.04,0.2
116,Ricker,b_for,0.4767639659483433,Ricker,0.2,-0.13,0.53,1.001,-58.050520952820975,1.2145987574511028,1.1148164508176834,0.4767639659483433,1.4,1.04,0.2
116,Ricker,sigma,1.1148164508176834,Ricker,1.04,0.84,1.3,1.002,-6.7111003576245976,1.2145987574511028,1.1148164508176834,0.4767639659483433,1.4,1.04,0.2
117,Ricker,alpha,2.5754239913589063,Beverton-Holt,5.58,1.08,9.76,1,116.66335402334076,2.5754239913589063,1.1896144154132031,-1.034736996177101,5.58,2.46,-0.49
117,Ricker,b_for,-1.034736996177101,Beverton-Holt,-0.49,-1.2,0.19,1.001,-52.644971445851944,2.5754239913589063,1.1896144154132031,-1.034736996177101,5.58,2.46,-0.49
117,Ricker,sigma,1.1896144154132031,Beverton-Holt,2.46,2,3.12,1,106.78969320874769,2.5754239913589063,1.1896144154132031,-1.034736996177101,5.58,2.46,-0.49
117,Ricker,alpha,2.5754239913589063,Ricker,2.13,1.58,2.65,1,-17.295171313671005,2.5754239913589063,1.1896144154132031,-1.034736996177101,2.13,1.17,-0.99
117,Ricker,b_for,-1.034736996177101,Ricker,-0.99,-1.35,-0.62,1,-4.3235137375376045,2.5754239913589063,1.1896144154132031,-1.034736996177101,2.13,1.17,-0.99
117,Ricker,sigma,1.1896144154132031,Ricker,1.17,0.96,1.5,1.001,-1.6488044494980567,2.5754239913589063,1.1896144154132031,-1.034736996177101,2.13,1.17,-0.99
118,Ricker,alpha,1.4551409090903737,Beverton-Holt,2.86,1.29,9.46,1.003,96.54453957918211,1.4551409090903737,0.9090582734957933,-0.01838903976142664,2.86,1.11,-0.13
118,Ricker,b_for,-0.01838903976142664,Beverton-Holt,-0.13,-0.48,0.22,1.001,606.9428403362942,1.4551409090903737,0.9090582734957933,-0.01838903976142664,2.86,1.11,-0.13
118,Ricker,sigma,0.9090582734957933,Beverton-Holt,1.11,0.92,1.41,1.001,22.104383444141956,1.4551409090903737,0.9090582734957933,-0.01838903976142664,2.86,1.11,-0.13
118,Ricker,alpha,1.4551409090903737,Ricker,1.44,1.07,1.8,1.002,-1.0405115405516683,1.4551409090903737,0.9090582734957933,-0.01838903976142664,1.44,0.81,-0.14
118,Ricker,b_for,-0.01838903976142664,Ricker,-0.14,-0.4,0.11,1.001,661.3230588237017,1.4551409090903737,0.9090582734957933,-0.01838903976142664,1.44,0.81,-0.14
118,Ricker,sigma,0.9090582734957933,Ricker,0.81,0.66,1.02,1,-10.896801270491007,1.4551409090903737,0.9090582734957933,-0.01838903976142664,1.44,0.81,-0.14
119,Ricker,alpha,1.1973103726109127,Beverton-Holt,5.55,0.34,9.83,1.064,363.53895589306575,1.1973103726109127,1.3693578809076328,0.2943395646766389,5.55,16.24,0.37
119,Ricker,b_for,0.2943395646766389,Beverton-Holt,0.37,-1.46,2.46,1.022,25.705152960486824,1.1973103726109127,1.3693578809076328,0.2943395646766389,5.55,16.24,0.37
119,Ricker,sigma,1.3693578809076328,Beverton-Holt,16.24,12.93,20.61,1.035,1085.9573181289804,1.1973103726109127,1.3693578809076328,0.2943395646766389,5.55,16.24,0.37
119,Ricker,alpha,1.1973103726109127,Ricker,1.39,0.85,1.9,1,16.093540304749798,1.1973103726109127,1.3693578809076328,0.2943395646766389,1.39,1.15,-0.12
119,Ricker,b_for,0.2943395646766389,Ricker,-0.12,-0.48,0.24,1,-140.7692387979957,1.1973103726109127,1.3693578809076328,0.2943395646766389,1.39,1.15,-0.12
119,Ricker,sigma,1.3693578809076328,Ricker,1.15,0.93,1.44,1.001,-16.019032275349296,1.1973103726109127,1.3693578809076328,0.2943395646766389,1.39,1.15,-0.12
120,Ricker,alpha,2.330860084551207,Beverton-Holt,4.92,0.31,9.75,1.003,111.08088094216588,2.330860084551207,1.3324913395123013,-1.6627881195271197,4.92,8.57,0.19
120,Ricker,b_for,-1.6627881195271197,Beverton-Holt,0.19,-1.39,1.62,1.012,-111.4265911434365,2.330860084551207,1.3324913395123013,-1.6627881195271197,4.92,8.57,0.19
120,Ricker,sigma,1.3324913395123013,Beverton-Holt,8.57,6.83,10.9,1.019,543.1561501282752,2.330860084551207,1.3324913395123013,-1.6627881195271197,4.92,8.57,0.19
120,Ricker,alpha,2.330860084551207,Ricker,2.07,1.56,2.61,1.001,-11.191580579210703,2.330860084551207,1.3324913395123013,-1.6627881195271197,2.07,1.16,-1.71
120,Ricker,b_for,-1.6627881195271197,Ricker,-1.71,-2.07,-1.34,1,2.8393202909283994,2.330860084551207,1.3324913395123013,-1.6627881195271197,2.07,1.16,-1.71
120,Ricker,sigma,1.3324913395123013,Ricker,1.16,0.95,1.49,1,-12.945025186837919,2.330860084551207,1.3324913395123013,-1.6627881195271197,2.07,1.16,-1.71
121,Ricker,alpha,2.5219900054411486,Beverton-Holt,2.73,2.19,3.47,1.003,8.247851661191104,2.5219900054411486,1.0095077707892406,0.23929292964239857,2.73,0.96,0.06
121,Ricker,b_for,0.23929292964239857,Beverton-Holt,0.06,-0.24,0.37,1.003,-74.92612920504399,2.5219900054411486,1.0095077707892406,0.23929292964239857,2.73,0.96,0.06
121,Ricker,sigma,1.0095077707892406,Beverton-Holt,0.96,0.78,1.19,1,-4.904149549095108,2.5219900054411486,1.0095077707892406,0.23929292964239857,2.73,0.96,0.06
121,Ricker,alpha,2.5219900054411486,Ricker,2.58,2.18,3.02,1.001,2.300167503982805,2.5219900054411486,1.0095077707892406,0.23929292964239857,2.58,0.96,0.08
121,Ricker,b_for,0.23929292964239857,Ricker,0.08,-0.23,0.37,1.003,-66.56817227339198,2.5219900054411486,1.0095077707892406,0.23929292964239857,2.58,0.96,0.08
121,Ricker,sigma,1.0095077707892406,Ricker,0.96,0.79,1.22,1.002,-4.904149549095108,2.5219900054411486,1.0095077707892406,0.23929292964239857,2.58,0.96,0.08
122,Ricker,alpha,1.7826633938957797,Beverton-Holt,5.85,1.82,9.78,1.001,228.16066230067042,1.7826633938957797,0.8772651981987266,-0.8681852614486416,5.85,1.66,-0.7
122,Ricker,b_for,-0.8681852614486416,Beverton-Holt,-0.7,-1.19,-0.21,1,-19.372047524512237,1.7826633938957797,0.8772651981987266,-0.8681852614486416,5.85,1.66,-0.7
122,Ricker,sigma,0.8772651981987266,Beverton-Holt,1.66,1.35,2.09,1.001,89.22442192035534,1.7826633938957797,0.8772651981987266,-0.8681852614486416,5.85,1.66,-0.7
122,Ricker,alpha,1.7826633938957797,Ricker,2.14,1.7,2.57,1,20.04509697836492,1.7826633938957797,0.8772651981987266,-0.8681852614486416,2.14,0.99,-0.89
122,Ricker,b_for,-0.8681852614486416,Ricker,-0.89,-1.2,-0.59,1,2.5126824331201663,1.7826633938957797,0.8772651981987266,-0.8681852614486416,2.14,0.99,-0.89
122,Ricker,sigma,0.8772651981987266,Ricker,0.99,0.8,1.24,1,12.850709458525175,1.7826633938957797,0.8772651981987266,-0.8681852614486416,2.14,0.99,-0.89
123,Ricker,alpha,0.9755571231775617,Beverton-Holt,1.1,0.73,1.61,1.007,12.756083048946017,0.9755571231775617,0.7476401044232737,0.6660298344057223,1.1,0.79,0.62
123,Ricker,b_for,0.6660298344057223,Beverton-Holt,0.62,0.38,0.87,1.004,-6.91107695600352,0.9755571231775617,0.7476401044232737,0.6660298344057223,1.1,0.79,0.62
123,Ricker,sigma,0.7476401044232737,Beverton-Holt,0.79,0.64,0.99,1.002,5.665813715196914,0.9755571231775617,0.7476401044232737,0.6660298344057223,1.1,0.79,0.62
123,Ricker,alpha,0.9755571231775617,Ricker,1.03,0.71,1.37,1.004,5.580695945831265,0.9755571231775617,0.7476401044232737,0.6660298344057223,1.03,0.8,0.65
123,Ricker,b_for,0.6660298344057223,Ricker,0.65,0.41,0.88,1.002,-2.406774228068203,0.9755571231775617,0.7476401044232737,0.6660298344057223,1.03,0.8,0.65
123,Ricker,sigma,0.7476401044232737,Ricker,0.8,0.66,1.02,1.003,7.003355660958902,0.9755571231775617,0.7476401044232737,0.6660298344057223,1.03,0.8,0.65
124,Ricker,alpha,2.595628598585741,Beverton-Holt,2.99,2.37,3.98,1.001,15.19367607635149,2.595628598585741,1.0815691968539152,-0.4497381574793007,2.99,0.9,-0.26
124,Ricker,b_for,-0.4497381574793007,Beverton-Holt,-0.26,-0.55,0.03,1.001,-42.18858336209407,2.595628598585741,1.0815691968539152,-0.4497381574793007,2.99,0.9,-0.26
124,Ricker,sigma,1.0815691968539152,Beverton-Holt,0.9,0.74,1.13,1.001,-16.78757100165818,2.595628598585741,1.0815691968539152,-0.4497381574793007,2.99,0.9,-0.26
124,Ricker,alpha,2.595628598585741,Ricker,2.65,2.26,3.03,1.001,2.0947296328867617,2.595628598585741,1.0815691968539152,-0.4497381574793007,2.65,0.84,-0.24
124,Ricker,b_for,-0.4497381574793007,Ricker,-0.24,-0.51,0.02,1,-46.635615411163755,2.595628598585741,1.0815691968539152,-0.4497381574793007,2.65,0.84,-0.24
124,Ricker,sigma,1.0815691968539152,Ricker,0.84,0.68,1.06,1,-22.33506626821431,2.595628598585741,1.0815691968539152,-0.4497381574793007,2.65,0.84,-0.24
125,Ricker,alpha,1.3193709394854358,Beverton-Holt,1.88,1.4,2.5,1,42.49214862449627,1.3193709394854358,0.8986881441435988,0.7287525829462584,1.88,0.67,0.38
125,Ricker,b_for,0.7287525829462584,Beverton-Holt,0.38,0.16,0.59,1,-47.856102483547154,1.3193709394854358,0.8986881441435988,0.7287525829462584,1.88,0.67,0.38
125,Ricker,sigma,0.8986881441435988,Beverton-Holt,0.67,0.55,0.85,1.001,-25.446885622545533,1.3193709394854358,0.8986881441435988,0.7287525829462584,1.88,0.67,0.38
125,Ricker,alpha,1.3193709394854358,Ricker,1.44,1.14,1.75,1.001,9.142922350677992,1.3193709394854358,0.8986881441435988,0.7287525829462584,1.44,0.7,0.44
125,Ricker,b_for,0.7287525829462584,Ricker,0.44,0.22,0.66,1,-39.62285550726513,1.3193709394854358,0.8986881441435988,0.7287525829462584,1.44,0.7,0.44
125,Ricker,sigma,0.8986881441435988,Ricker,0.7,0.57,0.89,1,-22.10868647131624,1.3193709394854358,0.8986881441435988,0.7287525829462584,1.44,0.7,0.44
126,Ricker,alpha,6.770807965953588,Beverton-Holt,7.08,6.57,7.7,1.003,4.566545611707749,6.770807965953588,0.9219380501578278,-0.02437498981123401,7.08,0.8,-0.02
126,Ricker,b_for,-0.02437498981123401,Beverton-Holt,-0.02,-0.27,0.25,1.001,-17.948683651213887,6.770807965953588,0.9219380501578278,-0.02437498981123401,7.08,0.8,-0.02
126,Ricker,sigma,0.9219380501578278,Beverton-Holt,0.8,0.66,1.01,1,-13.226273732487018,6.770807965953588,0.9219380501578278,-0.02437498981123401,7.08,0.8,-0.02
126,Ricker,alpha,6.770807965953588,Ricker,6.85,6.5,7.22,1.002,1.1696098079375759,6.770807965953588,0.9219380501578278,-0.02437498981123401,6.85,0.81,0.03
126,Ricker,b_for,-0.02437498981123401,Ricker,0.03,-0.22,0.28,1,-223.07697452317916,6.770807965953588,0.9219380501578278,-0.02437498981123401,6.85,0.81,0.03
126,Ricker,sigma,0.9219380501578278,Ricker,0.81,0.66,1.02,1.002,-12.141602154143104,6.770807965953588,0.9219380501578278,-0.02437498981123401,6.85,0.81,0.03
127,Ricker,alpha,0.9367044697924185,Beverton-Holt,5.37,1.25,9.73,1,473.28647115242626,0.9367044697924185,1.1585579521517575,0.3756978862141918,5.37,1.4,0.16
127,Ricker,b_for,0.3756978862141918,Beverton-Holt,0.16,-0.26,0.58,1,-57.41258977731346,0.9367044697924185,1.1585579521517575,0.3756978862141918,5.37,1.4,0.16
127,Ricker,sigma,1.1585579521517575,Beverton-Holt,1.4,1.14,1.79,1,20.839876624196382,0.9367044697924185,1.1585579521517575,0.3756978862141918,5.37,1.4,0.16
127,Ricker,alpha,0.9367044697924185,Ricker,0.95,0.35,1.51,1,1.419394337952487,0.9367044697924185,1.1585579521517575,0.3756978862141918,0.95,1.25,0.18
127,Ricker,b_for,0.3756978862141918,Ricker,0.18,-0.22,0.57,1.002,-52.089163499477635,0.9367044697924185,1.1585579521517575,0.3756978862141918,0.95,1.25,0.18
127,Ricker,sigma,1.1585579521517575,Ricker,1.25,1.01,1.57,1.002,7.892746985889634,0.9367044697924185,1.1585579521517575,0.3756978862141918,0.95,1.25,0.18
128,Ricker,alpha,1.0934914948612238,Beverton-Holt,5.3,0.64,9.74,1,384.6859829186535,1.0934914948612238,0.784001924127774,-2.614383923317857,5.3,2.02,-1.81
128,Ricker,b_for,-2.614383923317857,Beverton-Holt,-1.81,-2.4,-1.21,1,-30.76762812620998,1.0934914948612238,0.784001924127774,-2.614383923317857,5.3,2.02,-1.81
128,Ricker,sigma,0.784001924127774,Beverton-Holt,2.02,1.63,2.62,1.002,157.65242888240502,1.0934914948612238,0.784001924127774,-2.614383923317857,5.3,2.02,-1.81
128,Ricker,alpha,1.0934914948612238,Ricker,1.1,0.79,1.43,1.001,0.5952040019846998,1.0934914948612238,0.784001924127774,-2.614383923317857,1.1,0.7,-2.34
128,Ricker,b_for,-2.614383923317857,Ricker,-2.34,-2.56,-2.11,1.001,-10.495165643829484,1.0934914948612238,0.784001924127774,-2.614383923317857,1.1,0.7,-2.34
128,Ricker,sigma,0.784001924127774,Ricker,0.7,0.57,0.89,1.002,-10.714504842730937,1.0934914948612238,0.784001924127774,-2.614383923317857,1.1,0.7,-2.34
129,Ricker,alpha,4.852683612015364,Beverton-Holt,6.05,4.25,9.59,1.007,24.673283562523043,4.852683612015364,1.1809514253545597,0.6671610629102589,6.05,1.46,0.69
129,Ricker,b_for,0.6671610629102589,Beverton-Holt,0.69,0.24,1.12,1,3.423301862089209,4.852683612015364,1.1809514253545597,0.6671610629102589,6.05,1.46,0.69
129,Ricker,sigma,1.1809514253545597,Beverton-Holt,1.46,1.19,1.85,1.001,23.62913229573866,4.852683612015364,1.1809514253545597,0.6671610629102589,6.05,1.46,0.69
129,Ricker,alpha,4.852683612015364,Ricker,4.81,4.24,5.35,1,-0.8795877792172212,4.852683612015364,1.1809514253545597,0.6671610629102589,4.81,1.23,0.67
129,Ricker,b_for,0.6671610629102589,Ricker,0.67,0.3,1.04,1,0.42552499652141956,4.852683612015364,1.1809514253545597,0.6671610629102589,4.81,1.23,0.67
129,Ricker,sigma,1.1809514253545597,Ricker,1.23,1.01,1.57,1,4.153310084766134,4.852683612015364,1.1809514253545597,0.6671610629102589,4.81,1.23,0.67
130,Ricker,alpha,0.11899144310167054,Beverton-Holt,0.71,0.08,1.66,1,496.68156086933965,0.11899144310167054,0.9972848226323545,0.7384690923553772,0.71,1,0.56
130,Ricker,b_for,0.7384690923553772,Beverton-Holt,0.56,0.23,0.88,1.001,-24.167442375434117,0.11899144310167054,0.9972848226323545,0.7384690923553772,0.71,1,0.56
130,Ricker,sigma,0.9972848226323545,Beverton-Holt,1,0.82,1.25,1.004,0.2722569627078766,0.11899144310167054,0.9972848226323545,0.7384690923553772,0.71,1,0.56
130,Ricker,alpha,0.11899144310167054,Ricker,0.35,0.04,0.79,1.003,194.1387976116463,0.11899144310167054,0.9972848226323545,0.7384690923553772,0.35,1.03,0.62
130,Ricker,b_for,0.7384690923553772,Ricker,0.62,0.3,0.94,1.001,-16.04252548708778,0.11899144310167054,0.9972848226323545,0.7384690923553772,0.35,1.03,0.62
130,Ricker,sigma,0.9972848226323545,Ricker,1.03,0.84,1.3,1.002,3.2804246715891154,0.11899144310167054,0.9972848226323545,0.7384690923553772,0.35,1.03,0.62
131,Ricker,alpha,1.4657810372160691,Beverton-Holt,4.3,1.17,9.64,1.012,193.35895954602543,1.4657810372160691,1.4596037925008554,-0.37697922836309894,4.3,1.59,-0.77
131,Ricker,b_for,-0.37697922836309894,Beverton-Holt,-0.77,-1.25,-0.24,1.007,104.25528572050428,1.4657810372160691,1.4596037925008554,-0.37697922836309894,4.3,1.59,-0.77
131,Ricker,sigma,1.4596037925008554,Beverton-Holt,1.59,1.29,2.04,1.009,8.933671464070843,1.4657810372160691,1.4596037925008554,-0.37697922836309894,4.3,1.59,-0.77
131,Ricker,alpha,1.4657810372160691,Ricker,1.99,1.34,2.66,1.002,35.76379755734664,1.4657810372160691,1.4596037925008554,-0.37697922836309894,1.99,1.53,-0.72
131,Ricker,b_for,-0.37697922836309894,Ricker,-0.72,-1.19,-0.24,1.001,90.99195547891307,1.4657810372160691,1.4596037925008554,-0.37697922836309894,1.99,1.53,-0.72
131,Ricker,sigma,1.4596037925008554,Ricker,1.53,1.26,1.93,1.001,4.822966880520997,1.4657810372160691,1.4596037925008554,-0.37697922836309894,1.99,1.53,-0.72
132,Ricker,alpha,3.605689450069339,Beverton-Holt,5.62,3.75,9.8,1.005,55.864781973720035,3.605689450069339,1.0064650663540804,-1.0130662287010093,5.62,1.06,-1.15
132,Ricker,b_for,-1.0130662287010093,Beverton-Holt,-1.15,-1.48,-0.82,1.001,13.516764000175208,3.605689450069339,1.0064650663540804,-1.0130662287010093,5.62,1.06,-1.15
132,Ricker,sigma,1.0064650663540804,Beverton-Holt,1.06,0.87,1.34,1.001,5.319104997836631,3.605689450069339,1.0064650663540804,-1.0130662287010093,5.62,1.06,-1.15
132,Ricker,alpha,3.605689450069339,Ricker,3.68,3.27,4.07,1.001,2.060924851119169,3.605689450069339,1.0064650663540804,-1.0130662287010093,3.68,0.92,-1.13
132,Ricker,b_for,-1.0130662287010093,Ricker,-1.13,-1.42,-0.85,1,11.54255940886781,3.605689450069339,1.0064650663540804,-1.0130662287010093,3.68,0.92,-1.13
132,Ricker,sigma,1.0064650663540804,Ricker,0.92,0.75,1.15,1.002,-8.590965473575755,3.605689450069339,1.0064650663540804,-1.0130662287010093,3.68,0.92,-1.13
133,Ricker,alpha,3.2225846979374317,Beverton-Holt,6.7,2.9,9.84,1.001,107.90764643946325,3.2225846979374317,0.8960233251033112,0.4894472306664072,6.7,2.35,0.84
133,Ricker,b_for,0.4894472306664072,Beverton-Holt,0.84,0.17,1.5,1,71.62217852500613,3.2225846979374317,0.8960233251033112,0.4894472306664072,6.7,2.35,0.84
133,Ricker,sigma,0.8960233251033112,Beverton-Holt,2.35,1.92,2.95,1,162.26995817648452,3.2225846979374317,0.8960233251033112,0.4894472306664072,6.7,2.35,0.84
133,Ricker,alpha,3.2225846979374317,Ricker,3.73,3.35,4.11,1,15.745600181969833,3.2225846979374317,0.8960233251033112,0.4894472306664072,3.73,0.87,0.46
133,Ricker,b_for,0.4894472306664072,Ricker,0.46,0.18,0.73,1.001,-6.0164260458299665,3.2225846979374317,0.8960233251033112,0.4894472306664072,3.73,0.87,0.46
133,Ricker,sigma,0.8960233251033112,Ricker,0.87,0.71,1.09,1,-2.9043133559397796,3.2225846979374317,0.8960233251033112,0.4894472306664072,3.73,0.87,0.46
134,Ricker,alpha,1.2986133164144849,Beverton-Holt,5.4,1.46,9.73,1,315.8281708453123,1.2986133164144849,1.0666314864320583,-0.31269082274390203,5.4,1.45,-0.56
134,Ricker,b_for,-0.31269082274390203,Beverton-Holt,-0.56,-0.98,-0.12,1,79.09064138369278,1.2986133164144849,1.0666314864320583,-0.31269082274390203,5.4,1.45,-0.56
134,Ricker,sigma,1.0666314864320583,Beverton-Holt,1.45,1.19,1.83,1,35.9419835664453,1.2986133164144849,1.0666314864320583,-0.31269082274390203,5.4,1.45,-0.56
134,Ricker,alpha,1.2986133164144849,Ricker,1.42,1.01,1.84,1.001,9.347407888952487,1.2986133164144849,1.0666314864320583,-0.31269082274390203,1.42,0.93,-0.69
134,Ricker,b_for,-0.31269082274390203,Ricker,-0.69,-0.98,-0.39,1,120.66525456205,1.2986133164144849,1.0666314864320583,-0.31269082274390203,1.42,0.93,-0.69
134,Ricker,sigma,1.0666314864320583,Ricker,0.93,0.76,1.19,1.001,-12.809624333245418,1.2986133164144849,1.0666314864320583,-0.31269082274390203,1.42,0.93,-0.69
135,Ricker,alpha,3.5674770871688724,Beverton-Holt,4.58,3.32,9.26,1.002,28.382043895190357,3.5674770871688724,0.8660245358013198,0.6416884991458109,4.58,1.15,0.53
135,Ricker,b_for,0.6416884991458109,Beverton-Holt,0.53,0.17,0.9,1,-17.405407654101015,3.5674770871688724,0.8660245358013198,0.6416884991458109,4.58,1.15,0.53
135,Ricker,sigma,0.8660245358013198,Beverton-Holt,1.15,0.94,1.46,1.001,32.7906950044922,3.5674770871688724,0.8660245358013198,0.6416884991458109,4.58,1.15,0.53
135,Ricker,alpha,3.5674770871688724,Ricker,3.74,3.4,4.09,1,4.835992176421825,3.5674770871688724,0.8660245358013198,0.6416884991458109,3.74,0.79,0.5
135,Ricker,b_for,0.6416884991458109,Ricker,0.5,0.26,0.75,1,-22.08057325858587,3.5674770871688724,0.8660245358013198,0.6416884991458109,3.74,0.79,0.5
135,Ricker,sigma,0.8660245358013198,Ricker,0.79,0.64,1,1,-8.778566040392302,3.5674770871688724,0.8660245358013198,0.6416884991458109,3.74,0.79,0.5
136,Ricker,alpha,2.657044163459443,Beverton-Holt,5.34,0.45,9.76,1.001,100.97520671419241,2.657044163459443,1.3163554524469134,0.6354892136126287,5.34,4.72,1.36
136,Ricker,b_for,0.6354892136126287,Beverton-Holt,1.36,0.2,2.49,1.001,114.00835307159235,2.657044163459443,1.3163554524469134,0.6354892136126287,5.34,4.72,1.36
136,Ricker,sigma,1.3163554524469134,Beverton-Holt,4.72,3.85,6.05,1.002,258.56576513784375,2.657044163459443,1.3163554524469134,0.6354892136126287,5.34,4.72,1.36
136,Ricker,alpha,2.657044163459443,Ricker,2.78,2.19,3.4,1,4.627542072182564,2.657044163459443,1.3163554524469134,0.6354892136126287,2.78,1.3,0.84
136,Ricker,b_for,0.6354892136126287,Ricker,0.84,0.43,1.24,1.001,32.18162983833644,2.657044163459443,1.3163554524469134,0.6354892136126287,2.78,1.3,0.84
136,Ricker,sigma,1.3163554524469134,Ricker,1.3,1.06,1.65,1,-1.2424799408481182,2.657044163459443,1.3163554524469134,0.6354892136126287,2.78,1.3,0.84
137,Ricker,alpha,0.326003053438775,Beverton-Holt,0.09,0.01,0.4,1.041,-72.39289661533724,0.326003053438775,0.9992133360866933,-1.5648217043881323,0.09,1.03,-1.31
137,Ricker,b_for,-1.5648217043881323,Beverton-Holt,-1.31,-1.66,-1.01,1.034,-16.284392252072653,0.326003053438775,0.9992133360866933,-1.5648217043881323,0.09,1.03,-1.31
137,Ricker,sigma,0.9992133360866933,Beverton-Holt,1.03,0.82,1.31,1.012,3.0810901737840353,0.326003053438775,0.9992133360866933,-1.5648217043881323,0.09,1.03,-1.31
137,Ricker,alpha,0.326003053438775,Ricker,0.23,0.01,0.61,1.001,-29.4485135725285,0.326003053438775,0.9992133360866933,-1.5648217043881323,0.23,1,-1.39
137,Ricker,b_for,-1.5648217043881323,Ricker,-1.39,-1.69,-1.09,1.001,-11.171988725481679,0.326003053438775,0.9992133360866933,-1.5648217043881323,0.23,1,-1.39
137,Ricker,sigma,0.9992133360866933,Ricker,1,0.82,1.26,1.002,0.0787283240621677,0.326003053438775,0.9992133360866933,-1.5648217043881323,0.23,1,-1.39
138,Ricker,alpha,1.1963230425721814,Beverton-Holt,1.72,1.03,3.51,1.009,43.77387534907588,1.1963230425721814,0.8787635955048108,0.07876221641709913,1.72,0.91,0.12
138,Ricker,b_for,0.07876221641709913,Beverton-Holt,0.12,-0.19,0.41,1.001,52.357317326519805,1.1963230425721814,0.8787635955048108,0.07876221641709913,1.72,0.91,0.12
138,Ricker,sigma,0.8787635955048108,Beverton-Holt,0.91,0.74,1.15,1,3.55458563087668,1.1963230425721814,0.8787635955048108,0.07876221641709913,1.72,0.91,0.12
138,Ricker,alpha,1.1963230425721814,Ricker,1.29,0.91,1.68,1.001,7.830406511806912,1.1963230425721814,0.8787635955048108,0.07876221641709913,1.29,0.87,0.16
138,Ricker,b_for,0.07876221641709913,Ricker,0.16,-0.11,0.42,1,103.14308976869307,1.1963230425721814,0.8787635955048108,0.07876221641709913,1.29,0.87,0.16
138,Ricker,sigma,0.8787635955048108,Ricker,0.87,0.71,1.11,1,-0.9972642869640571,1.1963230425721814,0.8787635955048108,0.07876221641709913,1.29,0.87,0.16
139,Ricker,alpha,1.2584572879289202,Beverton-Holt,5.19,0.32,9.77,1.001,312.4097058980313,1.2584572879289202,1.127448446915317,-0.3284854361836098,5.19,4.88,0.59
139,Ricker,b_for,-0.3284854361836098,Beverton-Holt,0.59,-0.6,1.74,1.002,-279.6122247776654,1.2584572879289202,1.127448446915317,-0.3284854361836098,5.19,4.88,0.59
139,Ricker,sigma,1.127448446915317,Beverton-Holt,4.88,3.96,6.36,1.004,332.83575522691183,1.2584572879289202,1.127448446915317,-0.3284854361836098,5.19,4.88,0.59
139,Ricker,alpha,1.2584572879289202,Ricker,1.34,0.84,1.88,1.002,6.479577245349113,1.2584572879289202,1.127448446915317,-0.3284854361836098,1.34,1.18,-0.29
139,Ricker,b_for,-0.3284854361836098,Ricker,-0.29,-0.66,0.09,1,-11.716025109283098,1.2584572879289202,1.127448446915317,-0.3284854361836098,1.34,1.18,-0.29
139,Ricker,sigma,1.127448446915317,Ricker,1.18,0.96,1.5,1,4.6611047474909615,1.2584572879289202,1.127448446915317,-0.3284854361836098,1.34,1.18,-0.29
140,Ricker,alpha,1.9180506843466965,Beverton-Holt,2.25,1.11,7.56,1.017,17.306597701633113,1.9180506843466965,1.2930303723915184,-0.884713110219669,2.25,1.42,-0.62
140,Ricker,b_for,-0.884713110219669,Beverton-Holt,-0.62,-1.1,-0.16,1.006,-29.9207852988572,1.9180506843466965,1.2930303723915184,-0.884713110219669,2.25,1.42,-0.62
140,Ricker,sigma,1.2930303723915184,Beverton-Holt,1.42,1.17,1.8,1.004,9.819539457038848,1.9180506843466965,1.2930303723915184,-0.884713110219669,2.25,1.42,-0.62
140,Ricker,alpha,1.9180506843466965,Ricker,1.8,1.18,2.43,1.002,-6.154721838693508,1.9180506843466965,1.2930303723915184,-0.884713110219669,1.8,1.38,-0.6
140,Ricker,b_for,-0.884713110219669,Ricker,-0.6,-1.03,-0.18,1,-32.181405127926325,1.9180506843466965,1.2930303723915184,-0.884713110219669,1.8,1.38,-0.6
140,Ricker,sigma,1.2930303723915184,Ricker,1.38,1.14,1.75,1,6.726031303319442,1.9180506843466965,1.2930303723915184,-0.884713110219669,1.8,1.38,-0.6
141,Ricker,alpha,4.455057883869392,Beverton-Holt,4.53,3.63,6.65,1.002,1.6821805256886617,4.455057883869392,1.1409383020957613,-1.056485678887115,4.53,1.18,-0.91
141,Ricker,b_for,-1.056485678887115,Beverton-Holt,-0.91,-1.29,-0.51,1,-13.865372888103954,4.455057883869392,1.1409383020957613,-1.056485678887115,4.53,1.18,-0.91
141,Ricker,sigma,1.1409383020957613,Beverton-Holt,1.18,0.96,1.49,1.002,3.4236468205587602,4.455057883869392,1.1409383020957613,-1.056485678887115,4.53,1.18,-0.91
141,Ricker,alpha,4.455057883869392,Ricker,4.24,3.76,4.72,1,-4.827274739752776,4.455057883869392,1.1409383020957613,-1.056485678887115,4.24,1.07,-0.93
141,Ricker,b_for,-1.056485678887115,Ricker,-0.93,-1.26,-0.58,1,-11.972304160369974,4.455057883869392,1.1409383020957613,-1.056485678887115,4.24,1.07,-0.93
141,Ricker,sigma,1.1409383020957613,Ricker,1.07,0.88,1.35,1,-6.217540594917046,4.455057883869392,1.1409383020957613,-1.056485678887115,4.24,1.07,-0.93
142,Ricker,alpha,5.03951365523541,Beverton-Holt,4.63,4.28,5.03,1.01,-8.126055076961208,5.03951365523541,1.1175097873895563,-1.0055530509991524,4.63,1.06,-0.87
142,Ricker,b_for,-1.0055530509991524,Beverton-Holt,-0.87,-1.19,-0.54,1.007,-13.480447487525613,5.03951365523541,1.1175097873895563,-1.0055530509991524,4.63,1.06,-0.87
142,Ricker,sigma,1.1175097873895563,Beverton-Holt,1.06,0.86,1.35,1.008,-5.14624462698408,5.03951365523541,1.1175097873895563,-1.0055530509991524,4.63,1.06,-0.87
142,Ricker,alpha,5.03951365523541,Ricker,4.73,4.37,5.16,1.006,-6.141736612100748,5.03951365523541,1.1175097873895563,-1.0055530509991524,4.73,1.07,-0.91
142,Ricker,b_for,-1.0055530509991524,Ricker,-0.91,-1.24,-0.6,1.003,-9.502537027181958,5.03951365523541,1.1175097873895563,-1.0055530509991524,4.73,1.07,-0.91
142,Ricker,sigma,1.1175097873895563,Ricker,1.07,0.87,1.34,1.001,-4.251397878182042,5.03951365523541,1.1175097873895563,-1.0055530509991524,4.73,1.07,-0.91
143,Ricker,alpha,3.2515986738747404,Beverton-Holt,6.22,2.19,9.81,1,91.2905196442336,3.2515986738747404,0.8761439749743826,-0.041382183941292366,6.22,2.16,0.25
143,Ricker,b_for,-0.041382183941292366,Beverton-Holt,0.25,-0.39,0.87,1,-704.1247130762051,3.2515986738747404,0.8761439749743826,-0.041382183941292366,6.22,2.16,0.25
143,Ricker,sigma,0.8761439749743826,Beverton-Holt,2.16,1.78,2.72,1,146.53482323646136,3.2515986738747404,0.8761439749743826,-0.041382183941292366,6.22,2.16,0.25
143,Ricker,alpha,3.2515986738747404,Ricker,3.03,2.61,3.42,1.002,-6.815068404818681,3.2515986738747404,0.8761439749743826,-0.041382183941292366,3.03,0.89,-0.13
143,Ricker,b_for,-0.041382183941292366,Ricker,-0.13,-0.42,0.17,1.001,214.14485079962674,3.2515986738747404,0.8761439749743826,-0.041382183941292366,3.03,0.89,-0.13
143,Ricker,sigma,0.8761439749743826,Ricker,0.89,0.73,1.13,1.002,1.5814780928011953,3.2515986738747404,0.8761439749743826,-0.041382183941292366,3.03,0.89,-0.13
144,Ricker,alpha,3.0194306798796884,Beverton-Holt,3.17,2.56,4.04,1,4.986679148610595,3.0194306798796884,0.9268365510529676,-1.2006407093428337,3.17,0.86,-1.11
144,Ricker,b_for,-1.2006407093428337,Beverton-Holt,-1.11,-1.4,-0.83,1,-7.549361656448039,3.0194306798796884,0.9268365510529676,-1.2006407093428337,3.17,0.86,-1.11
144,Ricker,sigma,0.9268365510529676,Beverton-Holt,0.86,0.7,1.1,1.004,-7.211255423303647,3.0194306798796884,0.9268365510529676,-1.2006407093428337,3.17,0.86,-1.11
144,Ricker,alpha,3.0194306798796884,Ricker,2.91,2.53,3.27,1.002,-3.6242156711492575,3.0194306798796884,0.9268365510529676,-1.2006407093428337,2.91,0.79,-1.1
144,Ricker,b_for,-1.2006407093428337,Ricker,-1.1,-1.35,-0.85,1,-8.382250290173733,3.0194306798796884,0.9268365510529676,-1.2006407093428337,2.91,0.79,-1.1
144,Ricker,sigma,0.9268365510529676,Ricker,0.79,0.64,1.01,1,-14.763827656290553,3.0194306798796884,0.9268365510529676,-1.2006407093428337,2.91,0.79,-1.1
145,Ricker,alpha,1.1896478092905056,Beverton-Holt,5.4,1.37,9.71,1,353.9158528960355,1.1896478092905056,0.34731354009554993,-0.06539660784300258,5.4,1.22,0.02
145,Ricker,b_for,-0.06539660784300258,Beverton-Holt,0.02,-0.34,0.38,1,-130.58262601022662,1.1896478092905056,0.34731354009554993,-0.06539660784300258,5.4,1.22,0.02
145,Ricker,sigma,0.34731354009554993,Beverton-Holt,1.22,0.99,1.54,1.001,251.2676182058333,1.1896478092905056,0.34731354009554993,-0.06539660784300258,5.4,1.22,0.02
145,Ricker,alpha,1.1896478092905056,Ricker,1.13,1,1.27,1.001,-5.013904856940736,1.1896478092905056,0.34731354009554993,-0.06539660784300258,1.13,0.3,-0.1
145,Ricker,b_for,-0.06539660784300258,Ricker,-0.1,-0.19,-0.01,1,52.913130051133045,1.1896478092905056,0.34731354009554993,-0.06539660784300258,1.13,0.3,-0.1
145,Ricker,sigma,0.34731354009554993,Ricker,0.3,0.24,0.38,1.001,-13.622716834631166,1.1896478092905056,0.34731354009554993,-0.06539660784300258,1.13,0.3,-0.1
146,Ricker,alpha,2.029943683917258,Beverton-Holt,2,1.62,2.43,1.008,-1.4750992431216006,2.029943683917258,0.6176339966131994,-0.8867368005390059,2,0.77,-0.67
146,Ricker,b_for,-0.8867368005390059,Beverton-Holt,-0.67,-0.91,-0.43,1.004,-24.442066733585627,2.029943683917258,0.6176339966131994,-0.8867368005390059,2,0.77,-0.67
146,Ricker,sigma,0.6176339966131994,Beverton-Holt,0.77,0.63,0.98,1,24.66930321554525,2.029943683917258,0.6176339966131994,-0.8867368005390059,2,0.77,-0.67
146,Ricker,alpha,2.029943683917258,Ricker,2,1.69,2.34,1.001,-1.4750992431216006,2.029943683917258,0.6176339966131994,-0.8867368005390059,2,0.76,-0.67
146,Ricker,b_for,-0.8867368005390059,Ricker,-0.67,-0.91,-0.43,1.001,-24.442066733585627,2.029943683917258,0.6176339966131994,-0.8867368005390059,2,0.76,-0.67
146,Ricker,sigma,0.6176339966131994,Ricker,0.76,0.62,0.95,1,23.0502213556031,2.029943683917258,0.6176339966131994,-0.8867368005390059,2,0.76,-0.67
147,Ricker,alpha,1.7684834430962733,Beverton-Holt,2.17,1.31,3.78,1.01,22.70400429651457,1.7684834430962733,1.0894128880095468,-0.5001728906919422,2.17,1.27,-0.01
147,Ricker,b_for,-0.5001728906919422,Beverton-Holt,-0.01,-0.41,0.41,1.003,-98.00069132372089,1.7684834430962733,1.0894128880095468,-0.5001728906919422,2.17,1.27,-0.01
147,Ricker,sigma,1.0894128880095468,Beverton-Holt,1.27,1.03,1.62,1.003,16.57655366280839,1.7684834430962733,1.0894128880095468,-0.5001728906919422,2.17,1.27,-0.01
147,Ricker,alpha,1.7684834430962733,Ricker,2.01,1.48,2.52,1.006,13.656704440550353,1.7684834430962733,1.0894128880095468,-0.5001728906919422,2.01,1.19,-0.03
147,Ricker,b_for,-0.5001728906919422,Ricker,-0.03,-0.39,0.34,1,-94.00207397116269,1.7684834430962733,1.0894128880095468,-0.5001728906919422,2.01,1.19,-0.03
147,Ricker,sigma,1.0894128880095468,Ricker,1.19,0.97,1.52,1.002,9.233148707670846,1.7684834430962733,1.0894128880095468,-0.5001728906919422,2.01,1.19,-0.03
148,Ricker,alpha,4.265250825921888,Beverton-Holt,4.26,3.69,5.17,1.008,-0.12310708411277323,4.265250825921888,1.268023495910502,0.09949883483298039,4.26,1.23,0.38
148,Ricker,b_for,0.09949883483298039,Beverton-Holt,0.38,-0,0.77,1.006,281.91402003638666,4.265250825921888,1.268023495910502,0.09949883483298039,4.26,1.23,0.38
148,Ricker,sigma,1.268023495910502,Beverton-Holt,1.23,1.01,1.54,1.003,-2.998642851108939,4.265250825921888,1.268023495910502,0.09949883483298039,4.26,1.23,0.38
148,Ricker,alpha,4.265250825921888,Ricker,4.26,3.77,4.81,1.007,-0.12310708411277323,4.265250825921888,1.268023495910502,0.09949883483298039,4.26,1.23,0.37
148,Ricker,b_for,0.09949883483298039,Ricker,0.37,0.01,0.75,1.001,271.8636510880607,4.265250825921888,1.268023495910502,0.09949883483298039,4.26,1.23,0.37
148,Ricker,sigma,1.268023495910502,Ricker,1.23,1.01,1.55,1.001,-2.998642851108939,4.265250825921888,1.268023495910502,0.09949883483298039,4.26,1.23,0.37
149,Ricker,alpha,1.3489559321295908,Beverton-Holt,1.44,0.81,2.36,1,6.749224767237453,1.3489559321295908,0.7640226621865048,-0.02771344347741203,1.44,0.94,0.02
149,Ricker,b_for,-0.02771344347741203,Beverton-Holt,0.02,-0.28,0.34,1,-172.16714161234094,1.3489559321295908,0.7640226621865048,-0.02771344347741203,1.44,0.94,0.02
149,Ricker,sigma,0.7640226621865048,Beverton-Holt,0.94,0.77,1.19,1,23.032999742426156,1.3489559321295908,0.7640226621865048,-0.02771344347741203,1.44,0.94,0.02
149,Ricker,alpha,1.3489559321295908,Ricker,1.29,0.94,1.65,1,-4.370486146016441,1.3489559321295908,0.7640226621865048,-0.02771344347741203,1.29,0.8,-0
149,Ricker,b_for,-0.02771344347741203,Ricker,-0,-0.24,0.25,1.001,-100,1.3489559321295908,0.7640226621865048,-0.02771344347741203,1.29,0.8,-0
149,Ricker,sigma,0.7640226621865048,Ricker,0.8,0.65,1.01,1.001,4.708935951000996,1.3489559321295908,0.7640226621865048,-0.02771344347741203,1.29,0.8,-0
150,Ricker,alpha,1.976240841715362,Beverton-Holt,1.93,1.59,2.31,1.012,-2.339838380995377,1.976240841715362,1.0032272010941734,-0.6111158478427359,1.93,1.07,-0.37
150,Ricker,b_for,-0.6111158478427359,Beverton-Holt,-0.37,-0.68,-0.05,1.005,-39.455014739657756,1.976240841715362,1.0032272010941734,-0.6111158478427359,1.93,1.07,-0.37
150,Ricker,sigma,1.0032272010941734,Beverton-Holt,1.07,0.87,1.35,1.004,6.655800284621535,1.976240841715362,1.0032272010941734,-0.6111158478427359,1.93,1.07,-0.37
150,Ricker,alpha,1.976240841715362,Ricker,2.01,1.66,2.4,1.006,1.708251219792372,1.976240841715362,1.0032272010941734,-0.6111158478427359,2.01,1.08,-0.39
150,Ricker,b_for,-0.6111158478427359,Ricker,-0.39,-0.71,-0.07,1.002,-36.1823128336933,1.976240841715362,1.0032272010941734,-0.6111158478427359,2.01,1.08,-0.39
150,Ricker,sigma,1.0032272010941734,Ricker,1.08,0.88,1.37,1.002,7.652583464851644,1.976240841715362,1.0032272010941734,-0.6111158478427359,2.01,1.08,-0.39
151,Ricker,alpha,6.311489573417907,Beverton-Holt,6.65,5.96,7.77,1.001,5.363399917632717,6.311489573417907,0.7062583861956868,0.45928627737353006,6.65,0.87,0.42
151,Ricker,b_for,0.45928627737353006,Beverton-Holt,0.42,0.14,0.71,1,-8.553766857175049,6.311489573417907,0.7062583861956868,0.45928627737353006,6.65,0.87,0.42
151,Ricker,sigma,0.7062583861956868,Beverton-Holt,0.87,0.71,1.1,1.001,23.1843779847089,6.311489573417907,0.7062583861956868,0.45928627737353006,6.65,0.87,0.42
151,Ricker,alpha,6.311489573417907,Ricker,6.17,5.83,6.5,1.002,-2.2417778207828842,6.311489573417907,0.7062583861956868,0.45928627737353006,6.17,0.73,0.43
151,Ricker,b_for,0.45928627737353006,Ricker,0.43,0.22,0.67,1,-6.37647559186969,6.311489573417907,0.7062583861956868,0.45928627737353006,6.17,0.73,0.43
151,Ricker,sigma,0.7062583861956868,Ricker,0.73,0.6,0.93,1.002,3.3616045159051677,6.311489573417907,0.7062583861956868,0.45928627737353006,6.17,0.73,0.43
152,Ricker,alpha,4.572243277012967,Beverton-Holt,4.52,4.12,4.97,1.016,-1.1426180508727748,4.572243277012967,1.3289407403165066,-0.3020989260238154,4.52,1.17,-0.09
152,Ricker,b_for,-0.3020989260238154,Beverton-Holt,-0.09,-0.44,0.27,1.009,-70.20843430840101,4.572243277012967,1.3289407403165066,-0.3020989260238154,4.52,1.17,-0.09
152,Ricker,sigma,1.3289407403165066,Beverton-Holt,1.17,0.95,1.49,1.011,-11.95995694124424,4.572243277012967,1.3289407403165066,-0.3020989260238154,4.52,1.17,-0.09
152,Ricker,alpha,4.572243277012967,Ricker,4.63,4.25,5.08,1.008,1.2632031912520099,4.572243277012967,1.3289407403165066,-0.3020989260238154,4.63,1.17,-0.12
152,Ricker,b_for,-0.3020989260238154,Ricker,-0.12,-0.48,0.24,1.002,-60.27791241120135,4.572243277012967,1.3289407403165066,-0.3020989260238154,4.63,1.17,-0.12
152,Ricker,sigma,1.3289407403165066,Ricker,1.17,0.96,1.49,1.001,-11.95995694124424,4.572243277012967,1.3289407403165066,-0.3020989260238154,4.63,1.17,-0.12
153,Ricker,alpha,1.2404051077567182,Beverton-Holt,1.14,0.71,1.69,1.014,-8.094541624252232,1.2404051077567182,0.8924469817516537,1.6387622030738067,1.14,0.86,1.61
153,Ricker,b_for,1.6387622030738067,Beverton-Holt,1.61,1.34,1.88,1.001,-1.7551175527393599,1.2404051077567182,0.8924469817516537,1.6387622030738067,1.14,0.86,1.61
153,Ricker,sigma,0.8924469817516537,Beverton-Holt,0.86,0.7,1.08,1.002,-3.6357321404088663,1.2404051077567182,0.8924469817516537,1.6387622030738067,1.14,0.86,1.61
153,Ricker,alpha,1.2404051077567182,Ricker,1.2,0.83,1.57,1.007,-3.257412236054975,1.2404051077567182,0.8924469817516537,1.6387622030738067,1.2,0.84,1.59
153,Ricker,b_for,1.6387622030738067,Ricker,1.59,1.33,1.85,1.001,-2.97555087506558,1.2404051077567182,0.8924469817516537,1.6387622030738067,1.2,0.84,1.59
153,Ricker,sigma,0.8924469817516537,Ricker,0.84,0.69,1.07,1.003,-5.876761625515639,1.2404051077567182,0.8924469817516537,1.6387622030738067,1.2,0.84,1.59
154,Ricker,alpha,4.361886992268415,Beverton-Holt,0.31,0.01,1.48,1.011,-92.89298414769836,4.361886992268415,1.0651737193658593,1.1126243572360746,0.31,7.18,1.46
154,Ricker,b_for,1.1126243572360746,Beverton-Holt,1.46,-0,3.02,1.037,31.22128690646846,4.361886992268415,1.0651737193658593,1.1126243572360746,0.31,7.18,1.46
154,Ricker,sigma,1.0651737193658593,Beverton-Holt,7.18,5.79,8.91,1.006,574.0684518835616,4.361886992268415,1.0651737193658593,1.1126243572360746,0.31,7.18,1.46
154,Ricker,alpha,4.361886992268415,Ricker,4.61,4.01,5.23,1,5.688203481001994,4.361886992268415,1.0651737193658593,1.1126243572360746,4.61,1.33,1.05
154,Ricker,b_for,1.1126243572360746,Ricker,1.05,0.63,1.47,1,-5.6285265398685675,4.361886992268415,1.0651737193658593,1.1126243572360746,4.61,1.33,1.05
154,Ricker,sigma,1.0651737193658593,Ricker,1.33,1.08,1.67,1,24.862261978431327,4.361886992268415,1.0651737193658593,1.1126243572360746,4.61,1.33,1.05
155,Ricker,alpha,2.3794496456820404,Beverton-Holt,2.32,1.86,2.96,1.061,-2.4984620199853005,2.3794496456820404,1.3368188270629564,1.2149467565020124,2.32,1.46,0.99
155,Ricker,b_for,1.2149467565020124,Beverton-Holt,0.99,0.47,1.39,1.012,-18.51494769611658,2.3794496456820404,1.3368188270629564,1.2149467565020124,2.32,1.46,0.99
155,Ricker,sigma,1.3368188270629564,Beverton-Holt,1.46,1.17,1.82,1.027,9.214500158385519,2.3794496456820404,1.3368188270629564,1.2149467565020124,2.32,1.46,0.99
155,Ricker,alpha,2.3794496456820404,Ricker,2.52,2.01,3.05,1.004,5.906842978291837,2.3794496456820404,1.3368188270629564,1.2149467565020124,2.52,1.46,0.94
155,Ricker,b_for,1.2149467565020124,Ricker,0.94,0.53,1.38,1.004,-22.6303543781309,2.3794496456820404,1.3368188270629564,1.2149467565020124,2.52,1.46,0.94
155,Ricker,sigma,1.3368188270629564,Ricker,1.46,1.19,1.81,1.002,9.214500158385519,2.3794496456820404,1.3368188270629564,1.2149467565020124,2.52,1.46,0.94
156,Ricker,alpha,3.453746407156512,Beverton-Holt,5.2,0.28,9.78,1.004,50.56114106192262,3.453746407156512,1.3427635723325606,0.23714557478973403,5.2,7.36,0.82
156,Ricker,b_for,0.23714557478973403,Beverton-Holt,0.82,-0.66,2.18,1.003,245.77916991580207,3.453746407156512,1.3427635723325606,0.23714557478973403,5.2,7.36,0.82
156,Ricker,sigma,1.3427635723325606,Beverton-Holt,7.36,5.93,9.64,1.013,448.1232997120031,3.453746407156512,1.3427635723325606,0.23714557478973403,5.2,7.36,0.82
156,Ricker,alpha,3.453746407156512,Ricker,3.73,3.2,4.27,1.001,7.9986646463406466,3.453746407156512,1.3427635723325606,0.23714557478973403,3.73,1.18,-0.02
156,Ricker,b_for,0.23714557478973403,Ricker,-0.02,-0.39,0.33,1,-108.43363829062933,3.453746407156512,1.3427635723325606,0.23714557478973403,3.73,1.18,-0.02
156,Ricker,sigma,1.3427635723325606,Ricker,1.18,0.97,1.5,1,-12.121536187477778,3.453746407156512,1.3427635723325606,0.23714557478973403,3.73,1.18,-0.02
157,Ricker,alpha,2.627941914565587,Beverton-Holt,2.54,2.19,2.96,1.112,-3.3464177453147537,2.627941914565587,0.7329439753417528,-1.2591081740617613,2.54,0.79,-1.2
157,Ricker,b_for,-1.2591081740617613,Beverton-Holt,-1.2,-1.45,-0.97,1.042,-4.69444764790019,2.627941914565587,0.7329439753417528,-1.2591081740617613,2.54,0.79,-1.2
157,Ricker,sigma,0.7329439753417528,Beverton-Holt,0.79,0.64,0.99,1.052,7.784500122488007,2.627941914565587,0.7329439753417528,-1.2591081740617613,2.54,0.79,-1.2
157,Ricker,alpha,2.627941914565587,Ricker,2.75,2.4,3.09,1.004,4.644626456844262,2.627941914565587,0.7329439753417528,-1.2591081740617613,2.75,0.75,-1.26
157,Ricker,b_for,-1.2591081740617613,Ricker,-1.26,-1.5,-1.03,1.001,0.07082996970480478,2.627941914565587,0.7329439753417528,-1.2591081740617613,2.75,0.75,-1.26
157,Ricker,sigma,0.7329439753417528,Ricker,0.75,0.61,0.96,1.001,2.3270570783113946,2.627941914565587,0.7329439753417528,-1.2591081740617613,2.75,0.75,-1.26
158,Ricker,alpha,2.3292090639299436,Beverton-Holt,4.96,2.19,9.61,1.001,112.94782322507669,2.3292090639299436,1.2739789473102694,-0.13952192647348635,4.96,1.39,-0.07
158,Ricker,b_for,-0.13952192647348635,Beverton-Holt,-0.07,-0.49,0.36,1,-49.82867441032485,2.3292090639299436,1.2739789473102694,-0.13952192647348635,4.96,1.39,-0.07
158,Ricker,sigma,1.2739789473102694,Beverton-Holt,1.39,1.14,1.76,1.003,9.106983512928831,2.3292090639299436,1.2739789473102694,-0.13952192647348635,4.96,1.39,-0.07
158,Ricker,alpha,2.3292090639299436,Ricker,2.32,1.74,2.91,1.002,-0.3953730076254241,2.3292090639299436,1.2739789473102694,-0.13952192647348635,2.32,1.28,-0.02
158,Ricker,b_for,-0.13952192647348635,Ricker,-0.02,-0.43,0.39,1.001,-85.6653355458071,2.3292090639299436,1.2739789473102694,-0.13952192647348635,2.32,1.28,-0.02
158,Ricker,sigma,1.2739789473102694,Ricker,1.28,1.06,1.62,1,0.4726179111862705,2.3292090639299436,1.2739789473102694,-0.13952192647348635,2.32,1.28,-0.02
159,Ricker,alpha,3.2739302666488843,Beverton-Holt,4.79,0.21,9.67,1.004,46.30733124633495,3.2739302666488843,1.3418074159777622,-0.9494858036391116,4.79,7.45,0.44
159,Ricker,b_for,-0.9494858036391116,Beverton-Holt,0.44,-1.05,1.9,1.005,-146.34087190283455,3.2739302666488843,1.3418074159777622,-0.9494858036391116,4.79,7.45,0.44
159,Ricker,sigma,1.3418074159777622,Beverton-Holt,7.45,5.85,9.78,1.014,455.2212568873944,3.2739302666488843,1.3418074159777622,-0.9494858036391116,4.79,7.45,0.44
159,Ricker,alpha,3.2739302666488843,Ricker,3.45,2.78,4.09,1.002,5.377931690992813,3.2739302666488843,1.3418074159777622,-0.9494858036391116,3.45,1.45,-0.84
159,Ricker,b_for,-0.9494858036391116,Ricker,-0.84,-1.27,-0.37,1,-11.531062730952206,3.2739302666488843,1.3418074159777622,-0.9494858036391116,3.45,1.45,-0.84
159,Ricker,sigma,1.3418074159777622,Ricker,1.45,1.2,1.82,1.001,8.063197649224412,3.2739302666488843,1.3418074159777622,-0.9494858036391116,3.45,1.45,-0.84
160,Ricker,alpha,2.661134388075953,Beverton-Holt,5.53,0.7,9.75,1,107.8061154964176,2.661134388075953,1.1062792542282112,0.8558590406711466,5.53,3.74,1.39
160,Ricker,b_for,0.8558590406711466,Beverton-Holt,1.39,0.38,2.39,1,62.409921955137754,2.661134388075953,1.1062792542282112,0.8558590406711466,5.53,3.74,1.39
160,Ricker,sigma,1.1062792542282112,Beverton-Holt,3.74,3.03,4.75,1.001,238.07015594893244,2.661134388075953,1.1062792542282112,0.8558590406711466,5.53,3.74,1.39
160,Ricker,alpha,2.661134388075953,Ricker,2.7,2.36,3.03,1.002,1.4604903870393364,2.661134388075953,1.1062792542282112,0.8558590406711466,2.7,0.74,0.89
160,Ricker,b_for,0.8558590406711466,Ricker,0.89,0.67,1.13,1,3.989086719476702,2.661134388075953,1.1062792542282112,0.8558590406711466,2.7,0.74,0.89
160,Ricker,sigma,1.1062792542282112,Ricker,0.74,0.6,0.92,1,-33.109113528820856,2.661134388075953,1.1062792542282112,0.8558590406711466,2.7,0.74,0.89
161,Ricker,alpha,1.7450863834610573,Beverton-Holt,4.95,0.21,9.76,1.007,183.65357995531357,1.7450863834610573,1.2517663625108242,-0.4161983898924526,4.95,22.88,0.47
161,Ricker,b_for,-0.4161983898924526,Beverton-Holt,0.47,-1.4,2.18,1.006,-212.92691452301145,1.7450863834610573,1.2517663625108242,-0.4161983898924526,4.95,22.88,0.47
161,Ricker,sigma,1.2517663625108242,Beverton-Holt,22.88,18.65,29.16,1.014,1727.8171298761156,1.7450863834610573,1.2517663625108242,-0.4161983898924526,4.95,22.88,0.47
161,Ricker,alpha,1.7450863834610573,Ricker,2,1.44,2.57,1.002,14.607507052651947,1.7450863834610573,1.2517663625108242,-0.4161983898924526,2,1.23,-0.35
161,Ricker,b_for,-0.4161983898924526,Ricker,-0.35,-0.71,0.04,1.001,-15.905489184991458,1.7450863834610573,1.2517663625108242,-0.4161983898924526,2,1.23,-0.35
161,Ricker,sigma,1.2517663625108242,Ricker,1.23,1,1.56,1.001,-1.7388518466948326,1.7450863834610573,1.2517663625108242,-0.4161983898924526,2,1.23,-0.35
162,Ricker,alpha,5.924175538069438,Beverton-Holt,5.76,5.49,6.09,1.002,-2.7712807801596537,5.924175538069438,0.5540925153733784,0.6985569334050648,5.76,0.56,0.68
162,Ricker,b_for,0.6985569334050648,Beverton-Holt,0.68,0.49,0.87,1.003,-2.656466855838118,5.924175538069438,0.5540925153733784,0.6985569334050648,5.76,0.56,0.68
162,Ricker,sigma,0.5540925153733784,Beverton-Holt,0.56,0.45,0.7,1.004,1.06615492227698,5.924175538069438,0.5540925153733784,0.6985569334050648,5.76,0.56,0.68
162,Ricker,alpha,5.924175538069438,Ricker,5.73,5.51,6,1.007,-3.277680359429645,5.924175538069438,0.5540925153733784,0.6985569334050648,5.73,0.56,0.69
162,Ricker,b_for,0.6985569334050648,Ricker,0.69,0.51,0.85,1.003,-1.2249443096004584,5.924175538069438,0.5540925153733784,0.6985569334050648,5.73,0.56,0.69
162,Ricker,sigma,0.5540925153733784,Ricker,0.56,0.46,0.7,1.002,1.06615492227698,5.924175538069438,0.5540925153733784,0.6985569334050648,5.73,0.56,0.69
163,Ricker,alpha,3.160501507186501,Beverton-Holt,5.21,0.25,9.72,1.013,64.84725566981223,3.160501507186501,1.3721480272540054,0.36061059387154354,5.21,6.04,1.09
163,Ricker,b_for,0.36061059387154354,Beverton-Holt,1.09,-0.28,2.35,1.002,202.2651077156871,3.160501507186501,1.3721480272540054,0.36061059387154354,5.21,6.04,1.09
163,Ricker,sigma,1.3721480272540054,Beverton-Holt,6.04,4.86,7.94,1.013,340.18574381420615,3.160501507186501,1.3721480272540054,0.36061059387154354,5.21,6.04,1.09
163,Ricker,alpha,3.160501507186501,Ricker,3.46,2.88,4.08,1.001,9.476296471698717,3.160501507186501,1.3721480272540054,0.36061059387154354,3.46,1.29,0.47
163,Ricker,b_for,0.36061059387154354,Ricker,0.47,0.08,0.87,1.001,30.334495987498098,3.160501507186501,1.3721480272540054,0.36061059387154354,3.46,1.29,0.47
163,Ricker,sigma,1.3721480272540054,Ricker,1.29,1.06,1.64,1,-5.986819615840073,3.160501507186501,1.3721480272540054,0.36061059387154354,3.46,1.29,0.47
164,Ricker,alpha,2.2891755140599503,Beverton-Holt,1.61,1.22,2.06,1.058,-29.669001345178796,2.2891755140599503,1.076726512344393,-1.0905967346930192,1.61,1.4,-1.09
164,Ricker,b_for,-1.0905967346930192,Beverton-Holt,-1.09,-1.48,-0.69,1.046,-0.05471634693524902,2.2891755140599503,1.076726512344393,-1.0905967346930192,1.61,1.4,-1.09
164,Ricker,sigma,1.076726512344393,Beverton-Holt,1.4,1.16,1.8,1.031,30.02373248446652,2.2891755140599503,1.076726512344393,-1.0905967346930192,1.61,1.4,-1.09
164,Ricker,alpha,2.2891755140599503,Ricker,1.99,1.48,2.73,1.056,-13.069138308637148,2.2891755140599503,1.076726512344393,-1.0905967346930192,1.99,1.39,-1.19
164,Ricker,b_for,-1.0905967346930192,Ricker,-1.19,-1.6,-0.76,1.003,9.114575731327559,2.2891755140599503,1.076726512344393,-1.0905967346930192,1.99,1.39,-1.19
164,Ricker,sigma,1.076726512344393,Ricker,1.39,1.14,1.78,1.006,29.094991538148903,2.2891755140599503,1.076726512344393,-1.0905967346930192,1.99,1.39,-1.19
165,Ricker,alpha,0.6861253697628842,Beverton-Holt,0.66,0.09,1.58,1.006,-3.8076670699281583,0.6861253697628842,1.2376075270988616,0.7730916124412641,0.66,1.32,0.7
165,Ricker,b_for,0.7730916124412641,Beverton-Holt,0.7,0.31,1.11,1.006,-9.454456789468443,0.6861253697628842,1.2376075270988616,0.7730916124412641,0.66,1.32,0.7
165,Ricker,sigma,1.2376075270988616,Beverton-Holt,1.32,1.07,1.68,1.003,6.657399142867113,0.6861253697628842,1.2376075270988616,0.7730916124412641,0.66,1.32,0.7
165,Ricker,alpha,0.6861253697628842,Ricker,0.8,0.25,1.36,1.004,16.59676718796587,0.6861253697628842,1.2376075270988616,0.7730916124412641,0.8,1.26,0.65
165,Ricker,b_for,0.7730916124412641,Ricker,0.65,0.27,1.03,1,-15.921995590220689,0.6861253697628842,1.2376075270988616,0.7730916124412641,0.8,1.26,0.65
165,Ricker,sigma,1.2376075270988616,Ricker,1.26,1.03,1.58,1.001,1.809335545464059,0.6861253697628842,1.2376075270988616,0.7730916124412641,0.8,1.26,0.65
166,Ricker,alpha,1.6273079161006683,Beverton-Holt,1.94,0.65,8.46,1.01,19.215299133344104,1.6273079161006683,1.2239495868547046,-0.46699006431893675,1.94,1.38,-0.74
166,Ricker,b_for,-0.46699006431893675,Beverton-Holt,-0.74,-1.18,-0.3,1.005,58.46161546910507,1.6273079161006683,1.2239495868547046,-0.46699006431893675,1.94,1.38,-0.74
166,Ricker,sigma,1.2239495868547046,Beverton-Holt,1.38,1.12,1.76,1.009,12.749741886535734,1.6273079161006683,1.2239495868547046,-0.46699006431893675,1.94,1.38,-0.74
166,Ricker,alpha,1.6273079161006683,Ricker,1.16,0.54,1.79,1.003,-28.716625260474665,1.6273079161006683,1.2239495868547046,-0.46699006431893675,1.16,1.41,-0.64
166,Ricker,b_for,-0.46699006431893675,Ricker,-0.64,-1.06,-0.21,1.001,37.04788364895575,1.6273079161006683,1.2239495868547046,-0.46699006431893675,1.16,1.41,-0.64
166,Ricker,sigma,1.2239495868547046,Ricker,1.41,1.15,1.77,1.001,15.200823231895209,1.6273079161006683,1.2239495868547046,-0.46699006431893675,1.16,1.41,-0.64
167,Ricker,alpha,1.8006642208852064,Beverton-Holt,5.13,0.33,9.74,1.002,184.89487048718567,1.8006642208852064,1.0598993198168438,-0.8097405628117982,5.13,4.92,0.22
167,Ricker,b_for,-0.8097405628117982,Beverton-Holt,0.22,-1,1.37,1.002,-127.16919592567488,1.8006642208852064,1.0598993198168438,-0.8097405628117982,5.13,4.92,0.22
167,Ricker,sigma,1.0598993198168438,Beverton-Holt,4.92,3.99,6.3,1.002,364.1950332461957,1.8006642208852064,1.0598993198168438,-0.8097405628117982,5.13,4.92,0.22
167,Ricker,alpha,1.8006642208852064,Ricker,1.43,0.91,1.94,1,-20.58486066341608,1.8006642208852064,1.0598993198168438,-0.8097405628117982,1.43,1.15,-0.86
167,Ricker,b_for,-0.8097405628117982,Ricker,-0.86,-1.21,-0.49,1,6.206856800365479,1.8006642208852064,1.0598993198168438,-0.8097405628117982,1.43,1.15,-0.86
167,Ricker,sigma,1.0598993198168438,Ricker,1.15,0.95,1.46,1.001,8.500871592098575,1.8006642208852064,1.0598993198168438,-0.8097405628117982,1.43,1.15,-0.86
168,Ricker,alpha,0.15108092436013898,Beverton-Holt,0.89,0.22,1.86,1.003,489.0882676084663,0.15108092436013898,0.8379356062387335,-1.2349798364645994,0.89,0.85,-1.29
168,Ricker,b_for,-1.2349798364645994,Beverton-Holt,-1.29,-1.57,-1.01,1.001,4.455146708541243,0.15108092436013898,0.8379356062387335,-1.2349798364645994,0.89,0.85,-1.29
168,Ricker,sigma,0.8379356062387335,Beverton-Holt,0.85,0.7,1.08,1.002,1.439775762175837,0.15108092436013898,0.8379356062387335,-1.2349798364645994,0.89,0.85,-1.29
168,Ricker,alpha,0.15108092436013898,Ricker,0.46,0.09,0.85,1.003,204.47258775269046,0.15108092436013898,0.8379356062387335,-1.2349798364645994,0.46,0.83,-1.27
168,Ricker,b_for,-1.2349798364645994,Ricker,-1.27,-1.52,-1.01,1.002,2.835687069649129,0.15108092436013898,0.8379356062387335,-1.2349798364645994,0.46,0.83,-1.27
168,Ricker,sigma,0.8379356062387335,Ricker,0.83,0.68,1.04,1.001,-0.947042491051832,0.15108092436013898,0.8379356062387335,-1.2349798364645994,0.46,0.83,-1.27
169,Ricker,alpha,3.5284832647183846,Beverton-Holt,3.8,3.06,5.89,1.007,7.694998528022934,3.5284832647183846,0.7971066971624767,-0.730860983786358,3.8,0.87,-0.81
169,Ricker,b_for,-0.730860983786358,Beverton-Holt,-0.81,-1.1,-0.53,1,10.828190034669523,3.5284832647183846,0.7971066971624767,-0.730860983786358,3.8,0.87,-0.81
169,Ricker,sigma,0.7971066971624767,Beverton-Holt,0.87,0.71,1.11,1.001,9.14473596784562,3.5284832647183846,0.7971066971624767,-0.730860983786358,3.8,0.87,-0.81
169,Ricker,alpha,3.5284832647183846,Ricker,3.27,2.92,3.62,1.002,-7.325619687727628,3.5284832647183846,0.7971066971624767,-0.730860983786358,3.27,0.76,-0.8
169,Ricker,b_for,-0.730860983786358,Ricker,-0.8,-1.04,-0.57,1,9.459940774982243,3.5284832647183846,0.7971066971624767,-0.730860983786358,3.27,0.76,-0.8
169,Ricker,sigma,0.7971066971624767,Ricker,0.76,0.61,0.96,1,-4.65517317751417,3.5284832647183846,0.7971066971624767,-0.730860983786358,3.27,0.76,-0.8
170,Ricker,alpha,1.625385116359787,Beverton-Holt,1.74,1.37,2.25,1.011,7.051552428196495,1.625385116359787,0.7325146278140995,0.047721082342914195,1.74,0.81,-0.01
170,Ricker,b_for,0.047721082342914195,Beverton-Holt,-0.01,-0.27,0.25,1.001,-120.95509889767794,1.625385116359787,0.7325146278140995,0.047721082342914195,1.74,0.81,-0.01
170,Ricker,sigma,0.7325146278140995,Beverton-Holt,0.81,0.66,1.02,1.003,10.577996567403035,1.625385116359787,0.7325146278140995,0.047721082342914195,1.74,0.81,-0.01
170,Ricker,alpha,1.625385116359787,Ricker,1.72,1.39,2.05,1.001,5.821074814079293,1.625385116359787,0.7325146278140995,0.047721082342914195,1.72,0.81,-0
170,Ricker,b_for,0.047721082342914195,Ricker,-0,-0.26,0.24,1.001,-100,1.625385116359787,0.7325146278140995,0.047721082342914195,1.72,0.81,-0
170,Ricker,sigma,0.7325146278140995,Ricker,0.81,0.66,1.04,1.002,10.577996567403035,1.625385116359787,0.7325146278140995,0.047721082342914195,1.72,0.81,-0
171,Ricker,alpha,1.9894582669156677,Beverton-Holt,5.83,1.78,9.77,1,193.04459897208446,1.9894582669156677,0.7311805003997892,1.7841827903509866,5.83,1.53,1.8
171,Ricker,b_for,1.7841827903509866,Beverton-Holt,1.8,1.33,2.26,1,0.8865240565346936,1.9894582669156677,0.7311805003997892,1.7841827903509866,5.83,1.53,1.8
171,Ricker,sigma,0.7311805003997892,Beverton-Holt,1.53,1.26,1.95,1.001,109.25065687110616,1.9894582669156677,0.7311805003997892,1.7841827903509866,5.83,1.53,1.8
171,Ricker,alpha,1.9894582669156677,Ricker,1.68,1.38,2,1.001,-15.554901153841875,1.9894582669156677,0.7311805003997892,1.7841827903509866,1.68,0.66,1.67
171,Ricker,b_for,1.7841827903509866,Ricker,1.67,1.46,1.88,1,-6.39972490310393,1.9894582669156677,0.7311805003997892,1.7841827903509866,1.68,0.66,1.67
171,Ricker,sigma,0.7311805003997892,Ricker,0.66,0.55,0.84,1.001,-9.73501076148361,1.9894582669156677,0.7311805003997892,1.7841827903509866,1.68,0.66,1.67
172,Ricker,alpha,4.355474731901279,Beverton-Holt,4.31,3.77,4.96,1.002,-1.0440820966817705,4.355474731901279,1.024472814360657,0.7737139485979758,4.31,0.91,0.55
172,Ricker,b_for,0.7737139485979758,Beverton-Holt,0.55,0.26,0.86,1.001,-28.91429694441482,4.355474731901279,1.024472814360657,0.7737139485979758,4.31,0.91,0.55
172,Ricker,sigma,1.024472814360657,Beverton-Holt,0.91,0.74,1.16,1,-11.173826455521517,4.355474731901279,1.024472814360657,0.7737139485979758,4.31,0.91,0.55
172,Ricker,alpha,4.355474731901279,Ricker,4.26,3.84,4.67,1,-2.1920625827991476,4.355474731901279,1.024472814360657,0.7737139485979758,4.26,0.88,0.54
172,Ricker,b_for,0.7737139485979758,Ricker,0.54,0.26,0.83,1.002,-30.20676427269819,4.355474731901279,1.024472814360657,0.7737139485979758,4.26,0.88,0.54
172,Ricker,sigma,1.024472814360657,Ricker,0.88,0.72,1.11,1.001,-14.102161847097733,4.355474731901279,1.024472814360657,0.7737139485979758,4.26,0.88,0.54
173,Ricker,alpha,2.144227218372775,Beverton-Holt,4.95,0.18,9.73,1.011,130.8524002300693,2.144227218372775,0.6137367317307308,1.5600966831306042,4.95,24.03,0.46
173,Ricker,b_for,1.5600966831306042,Beverton-Holt,0.46,-1.36,2.39,1.007,-70.5146479077867,2.144227218372775,0.6137367317307308,1.5600966831306042,4.95,24.03,0.46
173,Ricker,sigma,0.6137367317307308,Beverton-Holt,24.03,19.15,30.29,1.005,3815.3595927419337,2.144227218372775,0.6137367317307308,1.5600966831306042,4.95,24.03,0.46
173,Ricker,alpha,2.144227218372775,Ricker,1.98,1.72,2.24,1.001,-7.659039907972285,2.144227218372775,0.6137367317307308,1.5600966831306042,1.98,0.59,1.67
173,Ricker,b_for,1.5600966831306042,Ricker,1.67,1.48,1.85,1.001,7.044647813035257,2.144227218372775,0.6137367317307308,1.5600966831306042,1.98,0.59,1.67
173,Ricker,sigma,0.6137367317307308,Ricker,0.59,0.48,0.75,1.001,-3.867575542332875,2.144227218372775,0.6137367317307308,1.5600966831306042,1.98,0.59,1.67
174,Ricker,alpha,0.12425109600658835,Beverton-Holt,5.02,0.31,9.8,1.007,3940.2058101232496,0.12425109600658835,0.8490727787113175,-0.6891615483338273,5.02,10.99,0.49
174,Ricker,b_for,-0.6891615483338273,Beverton-Holt,0.49,-1.22,2.18,1.004,-171.10089081212726,0.12425109600658835,0.8490727787113175,-0.6891615483338273,5.02,10.99,0.49
174,Ricker,sigma,0.8490727787113175,Beverton-Holt,10.99,8.72,14.05,1.008,1194.3531197266861,0.12425109600658835,0.8490727787113175,-0.6891615483338273,5.02,10.99,0.49
174,Ricker,alpha,0.12425109600658835,Ricker,0.24,0.02,0.55,1.002,93.15724988637052,0.12425109600658835,0.8490727787113175,-0.6891615483338273,0.24,0.73,-0.75
174,Ricker,b_for,-0.6891615483338273,Ricker,-0.75,-0.98,-0.52,1.001,8.827894100194753,0.12425109600658835,0.8490727787113175,-0.6891615483338273,0.24,0.73,-0.75
174,Ricker,sigma,0.8490727787113175,Ricker,0.73,0.59,0.92,1.001,-14.023860109146419,0.12425109600658835,0.8490727787113175,-0.6891615483338273,0.24,0.73,-0.75
